Number,Player,Team,Pos,GP,G,A,P,PlusMinus,PIM,PP,SH,GW,OT,S,S_Perc,TOI_G,Sft_G,FO_Perc
1,Alexander Steen,STL,C,18,17,9,26,12,8,4,0,4,0,64,26.6,20:40,28.0,50.0
2,Sidney Crosby,PIT,C,20,9,16,25,3,14,3,0,0,0,73,12.3,22:44,23.8,55.2
3,John Tavares,NYI,C,21,9,16,25,0,24,2,0,2,0,60,15.0,20:48,22.0,43.4
4,Steven Stamkos,TBL,C,17,14,9,23,11,8,3,1,2,0,60,23.3,20:17,24.4,45.4
5,Corey Perry,ANA,R,22,12,11,23,10,16,1,0,4,0,81,14.8,19:42,23.6,40.0
6,Henrik Zetterberg,DET,L,21,10,13,23,9,4,1,0,1,0,77,13.0,20:26,25.1,50.0
7,Ryan Getzlaf,ANA,C,19,10,13,23,12,13,2,0,4,0,48,20.8,20:11,24.4,51.1
8,Alex Ovechkin,WSH,L,18,15,7,22,-9,14,7,0,2,1,105,14.3,21:06,21.8,0.0
9,Tyler Seguin,DAL,C,19,12,10,22,7,2,2,0,2,0,55,21.8,19:13,24.1,37.5
10,Pavel Datsyuk,DET,C,21,11,11,22,7,6,4,0,2,0,64,17.2,20:55,25.5,50.9
11,Jamie Benn,DAL,C,19,7,15,22,9,9,0,0,1,0,62,11.3,18:59,25.0,59.4
12,Joe Thornton,SJS,C,20,2,20,22,10,2,0,0,0,0,28,7.1,18:51,27.2,52.1
13,Frans Nielsen,NYI,C,21,9,12,21,2,4,1,1,0,0,46,19.6,18:38,23.1,49.8
14,Joe Pavelski,SJS,C,20,7,14,21,5,14,4,0,0,0,60,11.7,19:23,27.4,58.3
15,Nicklas Backstrom,WSH,C,20,5,16,21,-2,10,1,0,1,0,45,11.1,19:31,22.3,48.5
16,Henrik Sedin,VAN,C,21,3,18,21,4,18,1,0,0,0,36,8.3,22:32,26.0,50.8
17,Matt Duchene,COL,C,19,12,8,20,5,7,3,0,3,0,62,19.4,17:37,22.1,51.5
18,Patrick Kane,CHI,R,20,11,9,20,-3,8,4,0,3,0,63,17.5,19:46,22.7,50.0
19,Patrick Marleau,SJS,C,20,10,10,20,6,2,5,0,1,0,71,14.1,20:35,28.3,45.8
20,Bobby Ryan,OTT,R,19,10,10,20,10,8,3,0,0,0,54,18.5,17:33,23.1,83.3
21,Martin St. Louis,TBL,R,20,8,12,20,9,4,1,0,2,1,46,17.4,21:17,24.8,40.5
22,Logan Couture,SJS,C,20,8,12,20,7,0,3,0,1,0,76,10.5,19:57,27.6,55.1
23,David Backes,STL,C,18,8,12,20,10,32,4,0,1,0,36,22.2,20:26,28.2,50.8
24,Kyle Okposo,NYI,R,21,6,14,20,4,16,1,0,0,0,49,12.2,20:07,21.5,35.3
25,Jiri Hudler,CGY,C,20,6,14,20,-3,0,1,0,0,0,34,17.6,19:42,24.2,16.7
26,Phil Kessel,TOR,C,20,10,9,19,4,15,3,0,3,0,73,13.7,19:17,24.2,12.5
27,Erik Karlsson,OTT,D,19,6,13,19,3,8,0,0,1,0,63,9.5,26:50,27.2,0.0
28,Anze Kopitar,LAK,C,20,5,14,19,7,6,4,0,1,1,54,9.3,21:28,26.3,54.0
29,Tomas Hertl,SJS,C,20,12,6,18,9,0,2,0,2,0,56,21.4,15:34,22.2,64.7
30,Bryan Little,WPG,R,21,11,7,18,3,10,1,2,1,0,46,23.9,19:58,26.3,44.7
31,Jonathan Toews,CHI,C,20,9,9,18,4,14,2,0,0,0,61,14.8,20:57,25.6,57.1
32,Jason Spezza,OTT,C,18,9,9,18,-3,12,3,0,1,0,54,16.7,19:03,24.7,54.4
33,Matt Moulson,"NYI, BUF",L,20,8,10,18,1,6,5,0,0,0,44,18.2,17:48,20.0,0.0
34,Martin Hanzal,PHX,C,18,6,12,18,0,25,1,0,1,0,47,12.8,19:15,25.2,51.6
35,Kyle Turris,OTT,C,19,4,14,18,10,8,1,0,0,0,51,7.8,19:35,25.4,49.4
36,Evgeni Malkin,PIT,C,20,3,15,18,-8,16,1,0,1,0,53,5.7,20:05,21.3,51.2
37,Zach Parise,MIN,L,20,10,7,17,5,14,6,0,2,0,89,11.2,20:36,25.4,37.5
38,Chris Kunitz,PIT,L,20,9,8,17,11,14,3,0,2,0,67,13.4,19:06,21.3,100.0
39,Daniel Sedin,VAN,L,21,7,10,17,3,22,2,0,2,0,71,9.9,22:03,25.7,0.0
40,Radim Vrbata,PHX,R,19,6,11,17,-2,8,2,0,1,0,66,9.1,17:15,22.5,30.8
41,Mikhail Grabovski,WSH,C,20,6,11,17,3,6,2,0,0,0,29,20.7,15:47,19.2,54.2
42,Andrew Ladd,WPG,L,21,5,12,17,6,12,1,0,0,0,58,8.6,19:05,25.1,38.1
43,Patrick Sharp,CHI,L,20,5,12,17,7,6,1,0,0,0,76,6.6,19:00,22.0,57.1
44,Mike Richards,LAK,C,20,5,12,17,-1,6,2,1,2,0,49,10.2,18:27,25.3,56.5
45,David Legwand,NSH,C,20,4,13,17,-5,12,2,0,1,0,29,13.8,16:19,21.2,50.5
46,P.K. Subban,MTL,D,21,3,14,17,4,20,2,0,0,0,72,4.2,24:56,27.7,0.0
47,T.J. Oshie,STL,R,18,3,14,17,11,10,1,0,2,0,32,9.4,19:23,26.2,100.0
48,Marcus Johansson,WSH,C,20,2,15,17,-2,0,1,0,1,0,23,8.7,17:40,21.1,31.1
49,Jason Pominville,MIN,R,20,12,4,16,9,6,3,0,3,0,62,19.4,17:54,21.9,41.9
50,Shane Doan,PHX,R,20,10,6,16,2,8,6,0,1,0,61,16.4,19:41,24.1,33.3
51,Cody Hodgson,BUF,C,22,7,9,16,-6,6,4,0,0,0,51,13.7,19:04,21.6,43.9
52,Jaromir Jagr,NJD,R,20,7,9,16,9,10,0,0,2,0,45,15.6,18:06,22.6,0.0
53,Mike Ribeiro,PHX,C,21,6,10,16,-1,8,2,0,1,0,36,16.7,19:25,22.6,45.6
54,Brad Richards,NYR,C,19,6,10,16,5,8,1,0,1,0,65,9.2,19:26,23.7,48.6
55,Jordan Eberle,EDM,R,22,5,11,16,-4,2,0,1,0,0,60,8.3,21:31,28.7,40.0
56,Oliver Ekman-Larsson,PHX,D,21,4,12,16,12,12,2,0,3,1,49,8.2,25:55,29.8,0.0
57,Alex Pietrangelo,STL,D,18,4,12,16,8,2,2,0,0,0,35,11.4,25:54,32.2,0.0
58,David Krejci,BOS,C,19,3,13,16,9,16,0,0,2,0,34,8.8,19:12,21.6,54.4
59,Keith Yandle,PHX,D,21,1,15,16,-6,8,1,0,0,0,45,2.2,22:55,27.3,0.0
60,James van Riemsdyk,TOR,L,18,9,6,15,5,16,3,1,0,0,56,16.1,20:18,26.9,41.1
61,Marian Hossa,CHI,R,19,9,6,15,12,6,1,0,0,0,75,12.0,18:34,24.7,0.0
62,Valtteri Filppula,TBL,C,20,8,7,15,2,6,2,0,0,0,35,22.9,19:25,24.0,53.7
63,Milan Lucic,BOS,L,19,8,7,15,9,16,0,0,2,1,34,23.5,17:34,20.5,42.1
64,Mason Raymond,TOR,L,20,7,8,15,3,2,3,0,2,0,49,14.3,18:47,25.4,28.6
65,Justin Williams,LAK,R,20,7,8,15,5,14,3,0,0,0,60,11.7,17:39,22.8,0.0
66,Paul Stastny,COL,C,19,7,8,15,10,10,2,0,2,1,32,21.9,18:30,23.1,54.8
67,Alex Killorn,TBL,C,20,6,9,15,6,8,1,0,1,1,43,14.0,17:22,22.5,14.3
68,Gabriel Landeskog,COL,L,18,6,9,15,6,19,1,0,1,0,57,10.5,17:37,21.9,66.7
69,Brandon Dubinsky,CBJ,C,19,5,10,15,2,36,2,2,1,0,48,10.4,19:49,23.2,56.0
70,Alex Galchenyuk,MTL,C,21,4,11,15,1,8,0,0,0,0,45,8.9,15:44,22.5,30.8
71,Mikko Koivu,MIN,C,20,2,13,15,4,12,0,0,0,0,48,4.2,20:54,26.0,56.2
72,James Wisniewski,CBJ,D,19,2,13,15,-3,8,0,0,0,0,47,4.3,21:40,24.1,0.0
73,Duncan Keith,CHI,D,20,1,14,15,3,2,1,0,1,0,58,1.7,24:24,29.5,0.0
74,Ryan Kesler,VAN,C,21,9,5,14,-5,13,2,0,2,1,79,11.4,22:41,26.9,52.0
75,Ryan O'Reilly,COL,C,19,8,6,14,2,0,1,0,1,0,64,12.5,19:53,25.3,45.6
76,Tommy Wingels,SJS,C,20,5,9,14,10,12,0,1,2,0,42,11.9,15:42,22.7,42.8
77,Nazem Kadri,TOR,C,18,5,9,14,-1,28,2,0,1,0,29,17.2,17:09,23.6,44.7
78,Mathieu Perreault,ANA,C,20,5,9,14,9,6,0,0,1,1,35,14.3,14:28,18.9,54.6
79,Derek Stepan,NYR,C,19,4,10,14,-3,4,1,0,1,0,52,7.7,18:39,24.2,43.8
80,Dustin Byfuglien,WPG,D,21,3,11,14,-6,28,2,0,0,0,69,4.3,26:34,28.6,0.0
81,Daniel Alfredsson,DET,R,19,3,11,14,1,6,1,0,0,0,40,7.5,17:26,22.2,33.3
82,Jay Bouwmeester,STL,D,18,1,13,14,11,2,0,0,0,0,39,2.6,24:44,31.7,0.0
83,Joel Ward,WSH,R,20,9,4,13,-1,12,3,1,1,0,32,28.1,16:22,21.6,36.4
84,Sean Monahan,CGY,C,20,8,5,13,-8,0,2,0,1,0,42,19.0,15:59,22.2,45.4
85,Jussi Jokinen,PIT,L,20,8,5,13,-6,4,3,0,2,0,45,17.8,15:13,19.6,43.5
86,Lars Eller,MTL,C,21,7,6,13,3,18,2,1,2,0,47,14.9,18:13,24.9,53.2
87,Tomas Plekanec,MTL,C,21,6,7,13,3,8,3,1,3,0,53,11.3,18:46,26.2,49.2
88,Patric Hornqvist,NSH,R,20,6,7,13,0,10,2,0,3,0,64,9.4,16:25,21.4,0.0
89,PA Parenteau,COL,R,19,6,7,13,0,10,0,0,1,0,32,18.8,17:09,21.0,25.0
90,Ryan Nugent-Hopkins,EDM,C,20,5,8,13,-13,4,2,0,1,0,46,10.9,20:58,26.6,40.5
91,David Perron,EDM,L,18,5,8,13,-4,20,2,0,1,0,66,7.6,19:54,26.7,15.4
92,Taylor Hall,EDM,L,15,5,8,13,-9,6,1,0,0,0,52,9.6,21:21,27.1,50.0
93,Jason Chimera,WSH,L,20,5,8,13,1,12,0,0,0,0,38,13.2,15:17,20.5,55.6
94,Mikkel Boedker,PHX,L,21,4,9,13,-2,12,1,0,0,0,31,12.9,16:51,23.0,50.0
95,Dustin Penner,ANA,L,15,4,9,13,15,2,1,0,0,0,35,11.4,13:58,18.7,40.0
96,Kevin Shattenkirk,STL,D,18,1,12,13,2,8,0,0,1,0,34,2.9,19:10,24.1,0.0
97,Joffrey Lupul,TOR,R,18,8,4,12,-4,16,2,0,0,0,64,12.5,18:20,23.9,50.0
98,Brendan Gallagher,MTL,R,20,8,4,12,3,12,3,0,0,0,63,12.7,15:42,22.7,36.1
99,Evander Kane,WPG,L,19,6,6,12,2,25,0,0,1,0,78,7.7,21:45,26.2,38.7
100,Torey Krug,BOS,D,19,6,6,12,4,8,3,0,0,0,44,13.6,17:52,22.1,0.0
101,Brayden Schenn,PHI,C,19,6,6,12,-3,24,3,0,2,0,35,17.1,16:03,19.3,38.8
102,Mike Santorelli,VAN,C,21,5,7,12,1,6,0,0,2,2,36,13.9,19:18,25.1,55.6
103,Blake Wheeler,WPG,R,21,5,7,12,-4,10,2,0,0,0,57,8.8,18:02,23.0,28.6
104,Thomas Vanek,"BUF, NYI",L,19,5,7,12,-2,8,1,0,0,0,67,7.5,18:25,20.3,40.0
105,Nick Bonino,ANA,C,22,5,7,12,3,6,1,0,1,0,40,12.5,15:48,21.1,49.8
106,Teddy Purcell,TBL,R,20,5,7,12,2,2,3,0,2,1,45,11.1,15:29,19.5,25.0
107,Brian Campbell,FLA,D,21,3,9,12,2,6,1,0,1,0,26,11.5,25:56,28.4,0.0
108,Pascal Dupuis,PIT,L,20,3,9,12,7,4,0,0,0,0,55,5.5,18:31,22.6,50.0
109,Tomas Fleischmann,FLA,L,20,3,9,12,-1,6,1,0,0,0,53,5.7,17:56,23.5,40.0
110,Clarke MacArthur,OTT,L,18,3,9,12,12,16,1,0,2,0,42,7.1,18:32,24.2,75.0
111,Olli Jokinen,WPG,C,21,3,9,12,0,12,0,0,0,0,37,8.1,15:17,21.0,46.1
112,Nathan MacKinnon,COL,C,19,3,9,12,3,6,2,0,1,0,55,5.5,15:18,19.4,37.8
113,Dennis Wideman,CGY,D,20,2,10,12,-1,6,1,0,0,0,50,4.0,27:08,32.3,0.0
114,Mark Arcobello,EDM,C,20,2,10,12,-3,4,1,0,1,1,43,4.7,16:52,24.4,52.2
115,Mikael Granlund,MIN,C,20,2,10,12,6,10,0,0,1,0,29,6.9,16:10,21.7,47.9
116,Niklas Kronwall,DET,D,19,1,11,12,8,18,1,0,0,0,26,3.8,23:34,30.5,0.0
117,Brent Seabrook,CHI,D,20,1,11,12,6,4,1,0,0,0,42,2.4,22:10,29.6,0.0
118,Ryan Suter,MIN,D,20,0,12,12,2,10,0,0,0,0,40,0.0,29:34,32.1,0.0
119,Cody Franson,TOR,D,20,0,12,12,-2,6,0,0,0,0,29,0.0,21:14,29.4,0.0
120,Mike Cammalleri,CGY,C,13,8,3,11,-4,6,1,0,1,0,33,24.2,19:41,25.5,31.8
121,Patrice Bergeron,BOS,C,19,6,5,11,7,10,1,1,2,0,58,10.3,18:16,25.3,58.4
122,Eric Staal,CAR,C,20,5,6,11,-10,22,1,1,0,0,65,7.7,21:03,25.5,49.4
123,Jonathan Huberdeau,FLA,C,21,5,6,11,-2,10,1,0,0,0,30,16.7,17:46,22.9,100.0
124,Brandon Saad,CHI,L,20,5,6,11,6,6,1,0,0,0,39,12.8,17:10,22.9,58.3
125,Ryan Johansen,CBJ,C,19,5,6,11,-6,10,0,0,0,0,49,10.2,17:50,22.8,52.2
126,Alex Chiasson,DAL,R,19,5,6,11,-4,17,1,0,2,0,53,9.4,17:24,24.0,39.3
127,Marian Gaborik,CBJ,R,17,5,6,11,1,6,0,0,0,0,42,11.9,17:36,20.6,0.0
128,Derek Roy,STL,C,18,5,6,11,-4,8,2,0,1,0,35,14.3,13:14,18.3,53.9
129,Ryan McDonagh,NYR,D,19,4,7,11,-2,4,1,1,0,0,30,13.3,22:55,28.5,0.0
130,Ales Hemsky,EDM,R,22,4,7,11,-12,4,0,0,0,0,41,9.8,17:11,25.2,33.3
131,Jarome Iginla,BOS,R,19,4,7,11,9,25,0,0,0,0,55,7.3,18:36,21.2,35.3
132,Andrew Shaw,CHI,C,20,4,7,11,5,10,2,0,1,0,39,10.3,16:13,21.0,42.5
133,Craig Smith,NSH,C,20,4,7,11,-6,8,1,0,1,1,56,7.1,14:42,19.2,0.0
134,Marc-Edouard Vlasic,SJS,D,20,3,8,11,11,6,0,1,0,0,32,9.4,20:44,26.8,0.0
135,Milan Michalek,OTT,L,19,3,8,11,-5,8,0,0,0,0,34,8.8,18:00,24.6,50.0
136,Nino Niederreiter,MIN,R,20,3,8,11,6,14,1,0,0,0,43,7.0,14:08,19.4,66.7
137,Andrei Markov,MTL,D,21,2,9,11,7,10,1,1,0,0,40,5.0,25:14,29.7,0.0
138,Cam Fowler,ANA,D,22,2,9,11,2,6,2,0,0,0,39,5.1,22:43,28.8,0.0
139,Marek Zidlicky,NJD,D,20,2,9,11,-3,20,2,0,0,0,30,6.7,22:31,28.6,0.0
140,Reilly Smith,BOS,R,19,2,9,11,3,10,0,0,1,0,24,8.3,13:40,18.7,0.0
141,Claude Giroux,PHI,C,19,1,10,11,-7,12,0,0,1,0,46,2.2,21:49,27.4,49.8
142,Mike Green,WSH,D,19,0,11,11,-6,20,0,0,0,0,50,0.0,24:18,23.6,0.0
143,Vincent Lecavalier,PHI,C,15,7,3,10,-5,15,3,0,1,0,34,20.6,16:33,20.9,44.4
144,Chris Higgins,VAN,L,21,6,4,10,-3,8,0,0,2,0,73,8.2,19:23,25.9,22.2
145,Andrew Cogliano,ANA,C,22,6,4,10,6,8,0,0,0,0,46,13.0,15:32,22.2,20.0
146,Vladimir Tarasenko,STL,R,18,6,4,10,3,0,2,0,1,0,32,18.8,14:32,20.4,0.0
147,Dave Bolland,TOR,C,15,6,4,10,4,18,1,1,2,1,27,22.2,16:15,23.9,41.3
148,Shea Weber,NSH,D,20,5,5,10,-8,20,4,0,0,0,39,12.8,26:25,31.3,0.0
149,Antoine Vermette,PHX,C,21,5,5,10,8,14,0,0,0,0,39,12.8,19:22,27.2,57.4
150,Nathan Gerbe,CAR,L,20,5,5,10,-3,16,2,1,1,0,65,7.7,18:00,23.6,33.3
151,Boyd Gordon,EDM,C,22,5,5,10,-9,6,1,0,0,0,27,18.5,15:23,27.0,57.6
152,Brad Richardson,VAN,R,21,5,5,10,5,6,0,2,1,1,20,25.0,13:35,20.2,52.9
153,Johan Franzen,DET,C,16,5,5,10,-2,14,3,0,1,0,36,13.9,16:46,22.7,61.1
154,Drew Doughty,LAK,D,20,4,6,10,2,22,2,0,1,0,56,7.1,25:40,32.1,0.0
155,RJ Umberger,CBJ,L,19,4,6,10,-3,6,2,0,2,0,41,9.8,17:04,21.4,66.7
156,Michael Frolik,WPG,R,21,4,6,10,0,2,0,0,1,0,49,8.2,14:46,19.6,81.8
157,Devin Setoguchi,WPG,R,20,4,6,10,4,4,1,0,1,0,41,9.8,15:12,20.7,50.0
158,Derek Morris,PHX,D,14,4,6,10,2,4,0,0,0,0,18,22.2,18:52,26.9,0.0
159,Kris Russell,CGY,D,20,3,7,10,1,4,1,0,1,1,42,7.1,23:12,30.2,0.0
160,Jaden Schwartz,STL,L,18,3,7,10,4,9,0,0,0,0,35,8.6,16:06,23.3,47.0
161,Nick Leddy,CHI,D,20,2,8,10,5,2,1,0,0,0,29,6.9,16:40,21.3,0.0
162,Mats Zuccarello,NYR,L,18,2,8,10,3,10,1,0,1,0,40,5.0,17:07,21.3,50.0
163,Chris Kreider,NYR,L,12,2,8,10,4,8,1,0,0,0,29,6.9,17:43,22.2,0.0
164,Kevin Bieksa,VAN,D,21,1,9,10,9,19,1,0,0,0,43,2.3,22:43,26.6,0.0
165,Matthew Carle,TBL,D,20,1,9,10,4,6,1,0,0,0,23,4.3,22:10,27.7,0.0
166,Jake Muzzin,LAK,D,15,1,9,10,-2,16,0,0,0,0,31,3.2,17:46,25.9,0.0
167,Brad Boyes,FLA,R,20,7,2,9,1,6,1,0,1,0,44,15.9,14:48,19.0,18.2
168,Cody Eakin,DAL,C,19,5,4,9,-2,8,2,0,0,0,31,16.1,17:39,23.8,49.8
169,Todd Bertuzzi,DET,R,21,5,4,9,-3,14,3,0,0,0,39,12.8,15:12,21.1,75.0
170,Curtis Glencross,CGY,L,15,5,4,9,-4,6,1,0,2,0,30,16.7,18:52,26.4,39.3
171,Dan Boyle,SJS,D,13,5,4,9,1,4,4,0,1,1,41,12.2,20:48,24.5,0.0
172,Jeff Carter,LAK,C,14,5,4,9,-2,6,2,1,1,1,57,8.8,19:16,25.4,62.1
173,Emerson Etem,ANA,R,19,5,4,9,4,2,1,1,1,0,31,16.1,13:02,17.8,0.0
174,Michael Bournival,MTL,L,18,5,4,9,4,4,1,0,1,0,33,15.2,12:45,17.9,47.6
175,Brandon Pirri,CHI,C,15,5,4,9,6,4,1,0,0,0,20,25.0,12:11,16.5,43.0
176,Brian Gionta,MTL,R,20,4,5,9,-2,8,1,0,0,0,50,8.0,17:38,23.6,39.1
177,Tyler Johnson,TBL,C,20,4,5,9,-1,4,2,0,1,0,45,8.9,16:43,23.0,51.1
178,Josh Bailey,NYI,L,21,4,5,9,0,2,0,0,1,0,30,13.3,15:22,19.0,40.8
179,Rich Peverley,DAL,C,18,4,5,9,2,2,0,0,2,1,41,9.8,17:45,23.5,58.7
180,Pierre-Marc Bouchard,NYI,C,20,4,5,9,-1,6,1,0,1,0,39,10.3,14:11,18.2,100.0
181,Rob Klinkhammer,PHX,C,21,4,5,9,12,6,0,0,1,0,35,11.4,12:57,18.4,50.0
182,Loui Eriksson,BOS,L,14,4,5,9,7,2,0,0,1,0,31,12.9,17:13,21.3,0.0
183,Lee Stempniak,CGY,R,13,4,5,9,-5,16,0,1,0,0,45,8.9,18:25,25.8,25.0
184,Victor Hedman,TBL,D,20,3,6,9,-1,15,0,0,1,0,34,8.8,21:23,26.5,0.0
185,Alexander Semin,CAR,R,20,3,6,9,-6,12,2,0,0,0,51,5.9,19:50,24.0,0.0
186,Jakub Voracek,PHI,R,19,3,6,9,1,2,1,0,0,0,35,8.6,17:33,22.1,100.0
187,Colin Wilson,NSH,C,20,3,6,9,0,4,2,0,1,0,25,12.0,15:40,20.0,25.0
188,Matt Cooke,MIN,L,20,3,6,9,7,10,0,0,2,0,25,12.0,15:13,22.2,60.0
189,Ryan Malone,TBL,L,20,3,6,9,3,35,0,0,0,0,42,7.1,13:56,18.7,66.7
190,Scottie Upshall,FLA,R,18,3,6,9,-3,16,0,0,0,0,26,11.5,14:46,20.8,25.0
191,Alex Tanguay,COL,L,13,3,6,9,8,4,0,1,1,0,21,14.3,17:16,21.6,33.3
192,Jeff Skinner,CAR,L,10,3,6,9,5,8,2,0,0,0,36,8.3,15:23,20.6,56.2
193,Jason Garrison,VAN,D,21,2,7,9,-4,12,1,1,0,0,60,3.3,21:51,27.1,0.0
194,Danny DeKeyser,DET,D,21,2,7,9,5,12,1,1,0,0,27,7.4,21:46,31.0,0.0
195,Niklas Hjalmarsson,CHI,D,20,2,7,9,6,6,0,1,0,0,26,7.7,21:09,29.5,0.0
196,Mark Giordano,CGY,D,8,2,7,9,-3,8,1,0,0,0,18,11.1,25:03,32.8,0.0
197,Matt Niskanen,PIT,D,20,1,8,9,7,13,1,0,1,0,31,3.2,19:27,23.2,0.0
198,Richard Panik,TBL,R,19,1,8,9,-7,10,0,0,0,0,19,5.3,14:15,19.0,33.3
199,Steve Downie,"COL, PHI",R,15,1,8,9,4,55,1,0,1,0,32,3.1,16:20,20.2,100.0
200,Jason Demers,SJS,D,20,0,9,9,7,8,0,0,0,0,27,0.0,18:39,24.1,0.0
201,Dwight King,LAK,L,20,6,2,8,2,8,0,1,1,0,27,22.2,14:48,20.7,100.0
202,Ryan Callahan,NYR,R,11,6,2,8,0,2,4,0,1,0,26,23.1,18:34,24.1,33.3
203,Artem Anisimov,CBJ,C,19,5,3,8,-4,4,0,1,0,0,40,12.5,17:04,21.2,51.1
204,Cam Atkinson,CBJ,R,19,5,3,8,-5,4,1,0,1,0,65,7.7,17:00,20.5,0.0
205,John Carlson,WSH,D,20,4,4,8,-1,4,1,0,0,0,50,8.0,23:38,26.9,0.0
206,Aleksander Barkov,FLA,C,21,4,4,8,-2,2,3,0,1,0,25,16.0,16:24,22.1,47.2
207,Jesse Winchester,FLA,C,18,4,4,8,-1,25,0,0,0,0,38,10.5,12:23,19.3,48.9
208,Nick Foligno,CBJ,L,13,4,4,8,4,15,0,0,1,0,20,20.0,15:46,19.5,40.0
209,Carl Hagelin,NYR,L,9,4,4,8,6,10,0,0,2,0,18,22.2,16:26,23.3,0.0
210,Brent Burns,SJS,R,8,4,4,8,9,8,0,0,1,0,27,14.8,15:37,26.0,48.3
211,Slava Voynov,LAK,D,20,3,5,8,0,8,0,0,0,0,41,7.3,21:03,26.6,0.0
212,Brenden Dillon,DAL,D,19,3,5,8,5,22,0,1,0,0,27,11.1,20:47,25.2,0.0
213,Marcus Foligno,BUF,L,19,3,5,8,-8,20,0,0,1,0,22,13.6,15:47,19.3,47.1
214,Brandon Sutter,PIT,C,20,3,5,8,0,4,0,0,0,0,29,10.3,14:29,20.1,51.6
215,Mike Fisher,NSH,C,13,3,5,8,-2,23,0,0,0,0,28,10.7,17:13,22.8,48.3
216,Matt Stajan,CGY,C,12,3,5,8,-2,8,0,1,0,0,16,18.8,18:29,28.0,51.1
217,Tobias Enstrom,WPG,D,21,2,6,8,3,16,0,0,0,0,23,8.7,23:42,27.3,0.0
218,Dion Phaneuf,TOR,D,20,2,6,8,9,18,0,0,0,0,31,6.5,24:23,29.9,0.0
219,Seth Jones,NSH,D,20,2,6,8,-7,4,1,0,1,0,26,7.7,24:04,28.8,0.0
220,Andrej Sekera,CAR,D,20,2,6,8,-9,10,1,0,0,0,32,6.3,23:15,28.6,0.0
221,Wayne Simmonds,PHI,R,19,2,6,8,-8,31,2,0,0,0,42,4.8,16:05,20.4,0.0
222,Kris Versteeg,"FLA, CHI",R,19,2,6,8,-10,11,0,0,0,0,51,3.9,15:36,20.9,50.0
223,Vladimir Sobotka,STL,C,18,2,6,8,0,25,0,0,0,0,36,5.6,15:31,22.6,65.6
224,Michael Grabner,NYI,R,19,2,6,8,-2,6,0,0,0,0,41,4.9,14:35,20.4,40.0
225,Jakub Kindl,DET,D,21,1,7,8,-5,8,0,0,0,0,34,2.9,19:01,25.9,0.0
226,David Moss,PHX,R,21,1,7,8,4,4,0,0,0,0,46,2.2,15:42,23.3,52.4
227,Ray Whitney,DAL,L,17,1,7,8,-3,6,0,0,0,0,35,2.9,17:09,21.7,100.0
228,Devante Smith-Pelly,ANA,R,13,1,7,8,8,0,0,0,0,0,14,7.1,12:50,17.4,0.0
229,Adam Henrique,NJD,C,20,5,2,7,1,4,1,1,1,0,29,17.2,18:18,25.0,41.7
230,Marcel Goc,FLA,C,21,5,2,7,-8,21,0,0,1,0,28,17.9,16:33,23.4,53.6
231,Michael Ryder,NJD,R,20,5,2,7,-7,8,3,0,0,0,33,15.2,16:33,21.0,16.7
232,Lauri Korpikoski,PHX,L,18,4,3,7,0,12,0,0,0,0,29,13.8,15:43,22.7,30.0
233,Damien Brunner,NJD,R,19,4,3,7,-7,12,2,0,0,0,50,8.0,14:10,19.4,0.0
234,David Jones,CGY,R,16,4,3,7,-5,8,1,0,0,0,34,11.8,16:44,24.9,60.6
235,Jakob Silfverberg,ANA,R,11,4,3,7,5,6,0,0,0,0,35,11.4,14:33,20.3,50.0
236,Zdeno Chara,BOS,D,19,3,4,7,0,12,3,0,0,0,42,7.1,24:40,28.4,0.0
237,Steve Ott,BUF,C,22,3,4,7,-7,35,2,0,1,0,40,7.5,19:11,23.5,48.2
238,Tyler Ennis,BUF,C,22,3,4,7,-7,8,2,0,0,0,44,6.8,17:48,19.7,46.6
239,Dustin Brown,LAK,R,20,3,4,7,7,12,1,0,0,0,52,5.8,17:07,22.9,44.4
240,Dainius Zubrus,NJD,C,20,3,4,7,7,14,0,0,1,0,26,11.5,16:34,23.1,54.3
241,Derick Brassard,NYR,C,19,3,4,7,-4,4,1,0,2,1,29,10.3,15:43,21.0,46.0
242,Brad Marchand,BOS,L,19,3,4,7,2,14,0,0,2,0,30,10.0,15:15,20.9,0.0
243,Teemu Selanne,ANA,R,17,3,4,7,2,2,1,0,1,0,40,7.5,14:36,18.1,48.6
244,Chris Stewart,STL,R,18,3,4,7,-1,55,1,0,0,0,37,8.1,13:46,18.9,66.7
245,Jamie McGinn,COL,L,16,3,4,7,4,8,0,0,0,0,27,11.1,14:29,19.9,0.0
246,Patrik Elias,NJD,L,12,3,4,7,1,4,0,1,0,0,28,10.7,18:34,25.0,42.7
247,Brock Nelson,NYI,C,15,3,4,7,-2,4,2,0,0,0,21,14.3,12:39,16.5,100.0
248,Tyler Toffoli,LAK,C,6,3,4,7,4,0,0,0,2,0,15,20.0,16:05,21.5,0.0
249,Andy Greene,NJD,D,20,2,5,7,-1,6,1,0,1,0,29,6.9,25:03,29.3,0.0
250,Erik Johnson,COL,D,19,2,5,7,11,22,1,0,0,0,29,6.9,21:24,27.1,0.0
251,Drew Stafford,BUF,R,22,2,5,7,-5,10,0,0,0,0,54,3.7,17:13,21.3,46.2
252,Ryan Murphy,CAR,D,18,2,5,7,0,4,1,0,0,0,33,6.1,19:17,22.1,0.0
253,Travis Zajac,NJD,C,18,2,5,7,1,4,1,0,0,0,31,6.5,19:12,25.1,51.6
254,Tyler Kennedy,SJS,R,20,2,5,7,4,17,0,0,0,0,48,4.2,15:32,23.1,42.2
255,Marcus Kruger,CHI,C,20,2,5,7,0,10,0,0,0,0,19,10.5,13:42,21.7,53.2
256,Nick Bjugstad,FLA,C,15,2,5,7,3,8,0,0,0,0,25,8.0,14:12,20.3,49.7
257,Andrew MacDonald,NYI,D,21,1,6,7,-4,10,0,0,1,0,28,3.6,27:10,28.4,0.0
258,Paul Martin,PIT,D,18,1,6,7,0,8,0,0,0,0,22,4.5,25:33,26.7,0.0
259,Jared Spurgeon,MIN,D,20,1,6,7,3,4,1,0,0,0,31,3.2,21:13,28.6,0.0
260,Daniel Winnik,ANA,C,22,1,6,7,0,10,0,0,0,0,31,3.2,15:26,21.4,35.8
261,Justin Schultz,EDM,D,14,1,6,7,-10,4,0,0,0,0,20,5.0,22:01,24.5,0.0
262,Ryan Stanton,VAN,D,21,1,6,7,3,13,0,0,0,0,23,4.3,13:51,18.5,0.0
263,Valeri Nichushkin,DAL,R,18,1,6,7,5,4,0,0,0,0,24,4.2,14:55,19.0,0.0
264,Sven Baertschi,CGY,L,17,1,6,7,-2,6,0,0,0,0,19,5.3,14:28,19.9,0.0
265,Tom Gilbert,FLA,D,21,0,7,7,4,4,0,0,0,0,32,0.0,21:33,26.1,0.0
266,Raphael Diaz,MTL,D,21,0,7,7,2,8,0,0,0,0,19,0.0,20:51,27.9,0.0
267,Christopher Tanev,VAN,D,21,0,7,7,3,4,0,0,0,0,21,0.0,19:22,26.9,0.0
268,Andre Benoit,COL,D,18,0,7,7,1,0,0,0,0,0,26,0.0,20:45,27.2,0.0
269,Michael Stone,PHX,D,15,6,0,6,-3,2,2,0,1,0,24,25.0,19:22,25.1,0.0
270,Justin Fontaine,MIN,R,20,6,0,6,6,10,0,0,1,0,32,18.8,12:13,17.2,100.0
271,Troy Brouwer,WSH,R,20,5,1,6,-2,24,4,0,0,0,33,15.2,19:11,24.3,47.0
272,Rene Bourque,MTL,R,21,5,1,6,-1,14,3,0,1,0,42,11.9,16:22,20.7,33.3
273,Bryan Bickell,CHI,L,20,5,1,6,0,12,0,0,0,0,35,14.3,13:25,18.2,50.0
274,Dan Hamhuis,VAN,D,21,4,2,6,1,8,0,0,0,0,38,10.5,22:17,27.7,0.0
275,Matt Read,PHI,R,19,4,2,6,-6,6,0,1,1,0,50,8.0,19:34,25.1,22.2
276,Kyle Palmieri,ANA,R,19,4,2,6,-2,13,0,0,2,0,37,10.8,11:08,15.2,25.0
277,Jonas Brodin,MIN,D,17,3,3,6,1,4,2,0,0,0,10,30.0,24:50,28.8,0.0
278,Jordan Staal,CAR,C,20,3,3,6,-1,8,1,0,0,0,38,7.9,19:25,26.5,51.4
279,Dougie Hamilton,BOS,D,17,3,3,6,6,6,2,0,1,0,39,7.7,19:34,24.3,0.0
280,Matt Cullen,NSH,C,20,3,3,6,-6,8,0,0,0,0,39,7.7,16:00,21.1,57.8
281,Jiri Tlusty,CAR,L,20,3,3,6,-3,4,0,0,1,0,34,8.8,15:53,21.6,28.6
282,Nail Yakupov,EDM,R,20,3,3,6,-14,12,3,0,0,0,35,8.6,15:20,21.4,0.0
283,Joakim Andersson,DET,C,21,3,3,6,-5,4,0,0,0,0,20,15.0,14:02,20.0,53.1
284,Tyler Bozak,TOR,C,11,3,3,6,5,2,2,1,0,0,12,25.0,21:16,28.9,46.2
285,Alexander Edler,VAN,D,18,2,4,6,-8,14,0,0,0,0,53,3.8,24:23,29.5,0.0
286,Hampus Lindholm,ANA,D,20,2,4,6,14,8,0,0,0,0,38,5.3,19:19,24.8,0.0
287,Alex Goligoski,DAL,D,18,2,4,6,-2,8,1,0,0,0,26,7.7,21:26,25.4,0.0
288,Grant Clitsome,WPG,D,17,2,4,6,-8,10,0,0,0,0,21,9.5,20:49,25.5,0.0
289,Mikael Backlund,CGY,C,19,2,4,6,-5,6,0,1,0,0,34,5.9,15:29,22.5,45.8
290,Justin Abdelkader,DET,L,21,2,4,6,-1,4,0,0,1,0,50,4.0,13:50,18.9,54.5
291,Antoine Roussel,DAL,L,19,2,4,6,-2,59,0,0,0,0,21,9.5,11:21,16.7,40.0
292,Matthew Nieto,SJS,L,18,2,4,6,0,2,0,0,1,0,32,6.3,11:49,18.3,0.0
293,Travis Hamonic,NYI,D,21,1,5,6,-1,14,0,0,0,0,45,2.2,24:47,27.5,0.0
294,Brooks Orpik,PIT,D,20,1,5,6,6,8,0,0,0,0,16,6.3,22:22,25.7,0.0
295,Johnny Oduya,CHI,D,20,1,5,6,4,4,0,0,1,0,21,4.8,20:28,29.1,0.0
296,Radko Gudas,TBL,D,20,1,5,6,3,61,1,0,0,0,31,3.2,20:02,25.3,0.0
297,Paul Ranger,TOR,D,20,1,5,6,4,18,0,1,0,0,22,4.5,19:13,26.8,0.0
298,Fedor Tyutin,CBJ,D,16,1,5,6,-3,6,0,0,0,0,18,5.6,21:22,24.8,0.0
299,TJ Galiardi,CGY,L,20,1,5,6,-4,12,0,0,0,0,34,2.9,16:39,25.1,45.4
300,Mark Letestu,CBJ,C,19,1,5,6,-2,2,1,0,0,0,22,4.5,15:29,20.4,51.1
301,Brian Boyle,NYR,C,19,1,5,6,-2,16,0,0,0,0,44,2.3,15:20,22.5,57.7
302,Patrik Berglund,STL,C,18,1,5,6,0,14,0,0,0,0,33,3.0,16:07,23.6,46.8
303,Zemgus Girgensons,BUF,C,21,1,5,6,-1,2,0,0,0,0,25,4.0,13:25,17.8,44.8
304,Eric Fehr,WSH,R,14,1,5,6,-5,4,0,0,0,0,23,4.3,13:08,17.8,47.3
305,Carl Soderberg,BOS,C,13,1,5,6,0,8,0,0,0,0,20,5.0,13:09,17.5,0.0
306,Francois Beauchemin,ANA,D,22,0,6,6,17,19,0,0,0,0,19,0.0,22:17,27.4,0.0
307,Justin Faulk,CAR,D,20,0,6,6,-6,12,0,0,0,0,29,0.0,23:49,29.7,0.0
308,Mark Streit,PHI,D,19,0,6,6,-4,10,0,0,0,0,29,0.0,20:18,25.5,0.0
309,Martin Erat,WSH,R,20,0,6,6,0,2,0,0,0,0,15,0.0,13:06,18.2,50.0
310,Morgan Rielly,TOR,D,15,0,6,6,-4,6,0,0,0,0,23,0.0,17:02,24.7,0.0
311,Patrick Wiercioch,OTT,D,14,0,6,6,1,6,0,0,0,0,25,0.0,17:08,21.9,0.0
312,Eric Nystrom,NSH,L,19,4,1,5,-5,26,0,1,1,0,36,11.1,15:43,21.4,0.0
313,Kris Letang,PIT,D,11,4,1,5,-7,8,3,0,1,0,33,12.1,24:51,25.4,0.0
314,Zack Kassian,VAN,R,16,4,1,5,1,26,0,0,0,0,18,22.2,12:20,16.9,33.3
315,Mika Zibanejad,OTT,C,11,4,1,5,-2,2,1,0,0,0,24,16.7,13:05,17.4,47.6
316,Brooks Laich,WSH,C,20,3,2,5,-9,2,0,0,1,0,31,9.7,18:03,23.9,44.3
317,Chris Kelly,BOS,C,19,3,2,5,-1,8,0,1,0,0,17,17.6,15:03,20.9,50.0
318,Ondrej Palat,TBL,L,20,3,2,5,0,6,0,0,1,0,28,10.7,14:14,20.0,6.2
319,Craig Adams,PIT,R,20,3,2,5,1,13,0,0,0,0,25,12.0,12:34,16.8,27.3
320,Scott Hartnell,PHI,L,15,3,2,5,-1,8,1,0,0,0,42,7.1,16:17,19.9,0.0
321,Ryan Smyth,EDM,L,15,3,2,5,-9,12,1,0,0,0,35,8.6,15:24,22.2,46.7
322,Jeff Petry,EDM,D,22,2,3,5,-10,12,0,0,0,0,24,8.3,22:21,27.1,0.0
323,Jack Johnson,CBJ,D,19,2,3,5,-8,16,2,0,0,0,31,6.5,23:11,24.7,0.0
324,Jan Hejda,COL,D,19,2,3,5,12,6,0,0,0,0,24,8.3,22:48,29.4,0.0
325,Kyle Brodziak,MIN,C,20,2,3,5,3,10,0,0,0,0,26,7.7,16:19,23.6,55.3
326,Shawn Horcoff,DAL,C,19,2,3,5,-2,18,1,0,0,0,23,8.7,14:22,19.3,46.4
327,Jamie McBain,BUF,D,14,2,3,5,-3,2,1,0,0,0,15,13.3,19:31,22.0,0.0
328,Gabriel Bourque,NSH,L,17,2,3,5,-3,2,0,0,0,0,27,7.4,13:42,19.6,0.0
329,Tanner Glass,PIT,L,20,2,3,5,-1,34,0,0,0,0,17,11.8,11:08,15.2,66.7
330,Vernon Fiddler,DAL,C,19,2,3,5,-4,6,0,0,0,0,21,9.5,11:33,18.7,55.3
331,Brandon Bollig,CHI,L,20,2,3,5,4,33,0,0,1,0,27,7.4,9:05,14.3,0.0
332,Tomas Tatar,DET,L,13,2,3,5,3,0,0,0,1,0,24,8.3,12:59,18.4,50.0
333,Daniel Briere,MTL,C,11,2,3,5,1,8,1,0,0,0,20,10.0,13:22,16.8,49.2
334,Ben Smith,CHI,R,13,2,3,5,-1,0,0,0,0,0,14,14.3,10:05,14.5,33.3
335,Christian Ehrhoff,BUF,D,21,1,4,5,-3,10,0,0,0,0,38,2.6,24:11,26.8,0.0
336,Tyler Myers,BUF,D,22,1,4,5,-10,31,0,0,0,0,31,3.2,21:04,26.1,0.0
337,Jordie Benn,DAL,D,19,1,4,5,1,0,1,0,0,0,29,3.4,18:33,24.2,100.0
338,Sami Salo,TBL,D,17,1,4,5,3,10,0,0,0,0,14,7.1,20:03,27.1,0.0
339,Cory Sarich,COL,D,19,1,4,5,4,22,0,0,0,0,15,6.7,17:40,24.7,0.0
340,Mark Scheifele,WPG,C,21,1,4,5,-1,2,1,0,0,0,30,3.3,15:06,18.2,40.0
341,Sami Vatanen,ANA,D,17,1,4,5,3,8,0,0,0,0,25,4.0,18:06,23.9,0.0
342,Erik Cole,DAL,L,19,1,4,5,-11,4,0,0,0,0,25,4.0,13:32,18.3,46.2
343,Ryan Ellis,NSH,D,18,1,4,5,3,8,0,0,1,0,23,4.3,13:22,17.9,0.0
344,Eric Gelinas,NJD,D,11,1,4,5,0,2,1,0,0,0,27,3.7,18:48,25.8,0.0
345,Andrew Desjardins,SJS,C,20,1,4,5,0,31,0,0,0,0,24,4.2,10:08,14.9,52.0
346,James Sheppard,SJS,L,18,1,4,5,0,12,0,0,0,0,28,3.6,10:53,16.7,33.3
347,Philip Larsen,EDM,D,8,1,4,5,-6,2,0,0,0,0,19,5.3,21:16,24.6,0.0
348,Cody McCormick,BUF,C,18,1,4,5,-2,36,0,0,0,0,18,5.6,8:36,12.4,45.8
349,Filip Forsberg,NSH,C,12,1,4,5,-8,2,1,0,0,0,20,5.0,11:41,14.8,0.0
350,Joe Corvo,OTT,D,8,1,4,5,1,2,0,0,0,0,13,7.7,15:37,20.4,0.0
351,Dennis Seidenberg,BOS,D,19,0,5,5,10,4,0,0,0,0,32,0.0,22:10,27.3,0.0
352,Bryan Allen,ANA,D,22,0,5,5,9,28,0,0,0,0,24,0.0,18:50,25.5,0.0
353,Chris Phillips,OTT,D,18,0,5,5,0,6,0,0,0,0,29,0.0,20:50,26.6,0.0
354,Nicklas Grossmann,PHI,D,19,0,5,5,-1,12,0,0,0,0,14,0.0,19:01,26.3,0.0
355,Steve Oleksy,WSH,D,18,0,5,5,2,36,0,0,0,0,17,0.0,15:27,19.6,0.0
356,David Savard,CBJ,D,15,0,5,5,5,2,0,0,0,0,16,0.0,17:34,20.7,0.0
357,Jared Cowen,OTT,D,19,3,1,4,3,16,0,0,1,0,11,27.3,20:16,26.1,0.0
358,Roman Polak,STL,D,18,3,1,4,3,11,0,0,0,0,19,15.8,17:16,22.9,0.0
359,Zack Smith,OTT,C,19,3,1,4,0,25,0,0,1,0,34,8.8,15:37,22.5,52.8
360,Jordan Nolan,LAK,C,17,3,1,4,-1,15,0,0,0,0,18,16.7,8:48,12.5,0.0
361,Justin Braun,SJS,D,20,2,2,4,13,6,1,0,1,0,29,6.9,22:07,28.7,0.0
362,Ron Hainsey,CAR,D,20,2,2,4,-3,4,0,0,1,0,22,9.1,20:35,26.9,0.0
363,Marc Methot,OTT,D,19,2,2,4,-1,8,0,0,1,0,30,6.7,20:56,26.7,0.0
364,Scott Hannan,SJS,D,19,2,2,4,4,12,0,0,0,0,21,9.5,18:33,24.3,0.0
365,Dany Heatley,MIN,L,20,2,2,4,-1,10,2,0,0,0,34,5.9,15:00,18.8,42.8
366,Matt Martin,NYI,L,21,2,2,4,-3,27,0,0,0,0,41,4.9,13:29,18.5,50.0
367,Shawn Matthias,FLA,C,21,2,2,4,-5,6,0,0,0,0,32,6.3,12:59,18.0,40.4
368,Nick Spaling,NSH,C,16,2,2,4,-1,4,0,1,0,0,18,11.1,15:23,21.9,55.6
369,Cory Conacher,OTT,L,19,2,2,4,5,8,0,0,1,1,23,8.7,12:36,17.4,100.0
370,Benoit Pouliot,NYR,L,19,2,2,4,0,31,1,0,1,0,27,7.4,12:31,18.6,80.0
371,Jarret Stoll,LAK,C,16,2,2,4,1,10,1,0,0,0,20,10.0,14:23,21.9,55.8
372,Max Pacioretty,MTL,L,12,2,2,4,-5,6,1,0,0,0,42,4.8,17:46,23.7,50.0
373,Patrick Maroon,ANA,L,17,2,2,4,3,24,0,0,0,0,29,6.9,12:18,15.4,33.3
374,Ryan Carter,NJD,C,17,2,2,4,-3,12,0,0,0,0,20,10.0,11:32,17.1,33.3
375,Kyle Chipchura,PHX,C,21,2,2,4,-6,20,0,0,0,0,17,11.8,8:58,12.9,50.6
376,Jannik Hansen,VAN,R,11,2,2,4,-2,8,0,0,1,0,20,10.0,16:01,21.8,14.3
377,Cal Clutterbuck,NYI,R,15,2,2,4,-1,12,0,0,0,0,30,6.7,11:38,16.5,40.0
378,Brenden Morrow,STL,L,12,2,2,4,0,16,1,0,1,0,14,14.3,11:58,17.3,12.5
379,Charlie Coyle,MIN,C,8,2,2,4,-2,11,1,0,1,0,15,13.3,16:31,20.5,42.5
380,Darren Helm,DET,C,7,2,2,4,-2,0,0,0,1,0,12,16.7,15:07,23.4,55.0
381,Zach Bogosian,WPG,D,21,1,3,4,8,14,0,0,0,0,54,1.9,22:50,26.8,0.0
382,TJ Brodie,CGY,D,20,1,3,4,-11,0,1,0,1,0,27,3.7,23:21,31.4,0.0
383,Josh Gorges,MTL,D,21,1,3,4,1,4,0,0,0,0,12,8.3,20:38,27.2,0.0
384,Chris Butler,CGY,D,20,1,3,4,-8,6,0,0,0,0,28,3.6,19:05,26.0,0.0
385,Thomas Hickey,NYI,D,21,1,3,4,2,10,0,0,0,0,29,3.4,17:58,23.9,0.0
386,Trevor Daley,DAL,D,19,1,3,4,0,18,0,0,0,0,32,3.1,19:25,24.7,0.0
387,Matt Donovan,NYI,D,18,1,3,4,-5,6,1,0,0,0,23,4.3,16:56,22.1,0.0
388,Michael Del Zotto,NYR,D,16,1,3,4,-4,2,0,0,0,0,25,4.0,18:27,23.1,0.0
389,Brad Stuart,SJS,D,14,1,3,4,3,8,0,0,1,1,15,6.7,19:31,26.1,0.0
390,Andrei Loktionov,NJD,C,19,1,3,4,-2,2,0,0,1,0,21,4.8,14:08,19.1,42.3
391,Peter Regin,NYI,C,21,1,3,4,-3,16,0,0,0,0,20,5.0,12:19,17.2,40.8
392,Jonathan Ericsson,DET,D,11,1,3,4,3,10,0,0,0,0,14,7.1,22:13,30.5,0.0
393,Matt Frattin,LAK,R,19,1,3,4,-7,9,0,0,0,0,25,4.0,12:39,17.2,50.0
394,Joe Colborne,CGY,C,19,1,3,4,-3,6,0,0,0,0,17,5.9,12:37,18.2,41.6
395,Scott Gomez,FLA,C,15,1,3,4,-4,8,0,0,0,0,14,7.1,13:41,18.1,40.2
396,Torrey Mitchell,MIN,C,20,1,3,4,-2,6,0,0,0,0,22,4.5,9:59,16.1,55.6
397,Matt Halischuk,WPG,R,18,1,3,4,-4,4,0,0,1,0,20,5.0,10:49,15.3,0.0
398,Erik Gustafsson,PHI,D,10,1,3,4,1,0,0,0,0,0,16,6.3,17:46,24.4,0.0
399,Erik Condra,OTT,R,13,1,3,4,-4,2,0,0,0,0,6,16.7,10:58,16.5,0.0
400,Mark Pysyk,BUF,D,22,0,4,4,-5,4,0,0,0,0,30,0.0,20:57,26.1,0.0
401,Zbynek Michalek,PHX,D,20,0,4,4,9,10,0,0,0,0,26,0.0,21:08,27.0,0.0
402,Jake Gardiner,TOR,D,20,0,4,4,3,6,0,0,0,0,24,0.0,19:44,25.0,0.0
403,Anton Belov,EDM,D,20,0,4,4,-9,22,0,0,0,0,21,0.0,19:38,23.7,0.0
404,Sean Couturier,PHI,C,19,0,4,4,0,8,0,0,0,0,29,0.0,18:42,24.8,50.8
405,Mattias Ekholm,NSH,D,18,0,4,4,-5,0,0,0,0,0,18,0.0,18:39,24.9,0.0
406,Eric Brewer,TBL,D,20,0,4,4,5,12,0,0,0,0,11,0.0,16:20,22.4,0.0
407,Andrej Sustr,TBL,D,15,0,4,4,3,6,0,0,0,0,17,0.0,15:58,20.1,0.0
408,Joe Vitale,PIT,C,18,0,4,4,0,13,0,0,0,0,14,0.0,9:56,13.9,57.7
409,Ryan Wilson,COL,D,10,0,4,4,2,4,0,0,0,0,8,0.0,16:48,22.8,0.0
410,Keith Ballard,MIN,D,9,0,4,4,6,9,0,0,0,0,6,0.0,15:54,20.9,0.0
411,Matt Bartkowski,BOS,D,7,0,4,4,-1,2,0,0,0,0,10,0.0,17:15,21.3,0.0
412,Paul Gaustad,NSH,C,20,3,0,3,-4,12,0,0,0,0,22,13.6,14:34,21.0,61.3
413,Chris Neil,OTT,R,19,3,0,3,0,39,0,0,0,0,27,11.1,11:55,17.7,100.0
414,Radek Dvorak,CAR,R,15,3,0,3,5,10,0,0,2,0,13,23.1,12:39,18.5,80.0
415,Tye McGinn,PHI,L,6,3,0,3,1,4,0,0,0,0,8,37.5,12:39,17.2,0.0
416,Braydon Coburn,PHI,D,19,2,1,3,-3,12,0,0,2,0,19,10.5,22:39,29.8,0.0
417,Stephane Robidas,DAL,D,19,2,1,3,5,12,0,0,0,0,27,7.4,20:06,25.3,0.0
418,Marc Staal,NYR,D,19,2,1,3,-5,4,1,0,0,0,24,8.3,20:00,26.5,100.0
419,Ryan Murray,CBJ,D,19,2,1,3,3,6,1,0,0,0,15,13.3,18:50,22.2,0.0
420,Tomas Kopecky,FLA,R,21,2,1,3,-3,6,0,0,0,0,50,4.0,16:02,22.0,23.1
421,Brian Flynn,BUF,C,22,2,1,3,-4,0,0,0,0,0,29,6.9,15:01,19.8,36.5
422,Henrik Tallinder,BUF,D,17,2,1,3,-7,16,0,0,0,0,15,13.3,18:41,24.6,100.0
423,Casey Cizikas,NYI,C,21,2,1,3,-4,6,0,0,0,0,17,11.8,13:36,18.9,49.6
424,John Mitchell,COL,C,19,2,1,3,0,6,0,0,1,0,27,7.4,14:33,19.1,52.1
425,Stephen Weiss,DET,C,17,2,1,3,-3,6,0,0,1,1,22,9.1,15:44,22.4,51.7
426,Matt Greene,LAK,D,15,2,1,3,5,8,0,0,0,0,14,14.3,16:51,25.1,0.0
427,Blake Comeau,CBJ,L,19,2,1,3,-6,13,0,0,0,0,34,5.9,12:10,16.3,45.4
428,Derek Dorsett,NYR,R,19,2,1,3,-5,73,0,0,0,0,29,6.9,12:02,17.3,0.0
429,Drayson Bowman,CAR,L,20,2,1,3,1,2,0,0,0,0,25,8.0,10:27,15.0,66.7
430,Daniel Paille,BOS,L,19,2,1,3,0,0,0,0,0,0,11,18.2,10:23,14.2,75.0
431,Saku Koivu,ANA,C,12,2,1,3,-1,2,0,0,0,0,13,15.4,15:33,22.6,50.5
432,Viktor Stalberg,NSH,L,14,2,1,3,-3,2,0,0,0,0,25,8.0,12:59,18.3,0.0
433,Mikhail Grigorenko,BUF,C,15,2,1,3,-3,2,0,0,0,0,18,11.1,11:18,14.4,51.5
434,Ryan Reaves,STL,R,18,2,1,3,5,55,0,0,0,0,9,22.2,7:45,11.6,100.0
435,Will Acton,EDM,C,18,2,1,3,1,14,0,0,0,0,10,20.0,7:28,14.2,48.2
436,Brandon Prust,MTL,L,10,2,1,3,3,21,0,0,2,0,13,15.4,13:16,18.4,33.3
437,Maxim Lapierre,STL,C,13,2,1,3,5,22,0,0,0,0,10,20.0,10:09,14.5,48.2
438,Ryan Jones,EDM,L,12,2,1,3,1,13,0,0,1,0,18,11.1,10:18,16.7,0.0
439,Patrick Bordeleau,COL,L,19,2,1,3,4,39,0,0,1,0,4,50.0,5:28,8.2,0.0
440,Trevor Smith,TOR,C,11,2,1,3,0,0,0,0,1,0,7,28.6,7:36,11.1,44.2
441,Jayson Megna,PIT,C,6,2,1,3,0,0,0,0,0,0,11,18.2,11:30,15.2,0.0
442,Dmitry Kulikov,FLA,D,21,1,2,3,-9,29,0,0,0,0,25,4.0,19:41,23.7,0.0
443,Olli Maatta,PIT,D,20,1,2,3,-1,4,0,0,0,0,23,4.3,15:18,19.8,0.0
444,Adam Larsson,NJD,D,17,1,2,3,-2,6,0,0,1,0,15,6.7,17:43,23.9,0.0
445,Jay Harrison,CAR,D,19,1,2,3,1,19,0,0,0,0,23,4.3,15:29,19.6,0.0
446,Daniel Cleary,DET,R,20,1,2,3,1,8,0,0,1,0,26,3.8,14:34,21.0,20.0
447,Patrick Dwyer,CAR,R,18,1,2,3,-1,4,0,0,1,0,36,2.8,15:45,22.4,37.5
448,Steve Bernier,NJD,R,20,1,2,3,-9,0,0,0,0,0,34,2.9,13:51,19.7,42.8
449,David Schlemko,PHX,D,15,1,2,3,-1,8,0,0,0,0,22,4.5,17:08,23.4,0.0
450,Riley Nash,CAR,C,19,1,2,3,1,0,0,0,0,0,16,6.3,13:24,19.9,44.8
451,Adam McQuaid,BOS,D,15,1,2,3,7,33,0,0,0,0,8,12.5,15:26,21.9,0.0
452,Nate Thompson,TBL,C,20,1,2,3,4,13,0,1,0,0,21,4.8,10:54,17.2,54.7
453,Eric Gryba,OTT,D,11,1,2,3,6,8,0,0,0,0,11,9.1,16:25,23.6,0.0
454,Eric Tangradi,WPG,L,17,1,2,3,-1,11,0,0,0,0,24,4.2,9:59,13.9,100.0
455,Lubomir Visnovsky,NYI,D,8,1,2,3,3,2,1,0,0,0,11,9.1,20:00,21.4,0.0
456,David Booth,VAN,L,12,1,2,3,3,2,0,0,0,0,14,7.1,13:05,18.1,50.0
457,Tom Wilson,WSH,R,20,1,2,3,0,46,1,0,0,0,25,4.0,7:09,10.6,0.0
458,Nikolai Kulemin,TOR,L,8,1,2,3,1,4,0,0,1,0,3,33.3,16:40,24.5,50.0
459,Michal Handzus,CHI,C,9,1,2,3,0,6,0,0,1,0,9,11.1,13:18,18.3,53.6
460,Dale Weise,VAN,R,12,1,2,3,-4,2,0,0,0,0,5,20.0,7:46,11.3,0.0
461,Michael Latta,WSH,C,10,1,2,3,0,7,0,0,0,0,6,16.7,7:48,12.4,56.7
462,James Neal,PIT,L,5,1,2,3,-4,2,1,0,1,0,13,7.7,14:32,17.2,0.0
463,Kyle Quincey,DET,D,21,0,3,3,-12,14,0,0,0,0,31,0.0,20:52,28.9,0.0
464,Karl Alzner,WSH,D,20,0,3,3,2,10,0,0,0,0,26,0.0,21:35,25.6,0.0
465,Johnny Boychuk,BOS,D,18,0,3,3,6,8,0,0,0,0,27,0.0,20:51,25.7,0.0
466,Sergei Gonchar,DAL,D,19,0,3,3,-5,6,0,0,0,0,20,0.0,18:41,22.4,0.0
467,Nate Guenin,COL,D,19,0,3,3,2,12,0,0,0,0,15,0.0,17:13,24.5,0.0
468,Nate Schmidt,WSH,D,16,0,3,3,-1,6,0,0,0,0,24,0.0,19:07,20.9,0.0
469,Marco Scandella,MIN,D,17,0,3,3,6,8,0,0,0,0,18,0.0,17:36,25.8,0.0
470,Anton Volchenkov,NJD,D,17,0,3,3,2,8,0,0,0,0,13,0.0,16:33,21.1,0.0
471,Clayton Stoner,MIN,D,18,0,3,3,6,20,0,0,0,0,17,0.0,14:57,20.4,0.0
472,Matt Irwin,SJS,D,14,0,3,3,2,13,0,0,0,0,40,0.0,18:31,24.7,0.0
473,Colin Greening,OTT,L,19,0,3,3,0,6,0,0,0,0,17,0.0,13:03,18.9,25.0
474,Nikita Nikitin,CBJ,D,13,0,3,3,-3,0,0,0,0,0,19,0.0,17:35,21.1,0.0
475,Roman Josi,NSH,D,10,0,3,3,-8,6,0,0,0,0,19,0.0,22:03,28.7,0.0
476,B.J. Crombeen,TBL,R,18,0,3,3,0,21,0,0,0,0,14,0.0,10:05,14.8,0.0
477,David Clarkson,TOR,R,10,0,3,3,-2,28,0,0,0,0,20,0.0,16:55,22.8,25.0
478,Sam Gagner,EDM,C,9,0,3,3,-9,4,0,0,0,0,19,0.0,18:29,25.2,43.8
479,Alexandre Burrows,VAN,L,9,0,3,3,-4,9,0,0,0,0,28,0.0,18:00,25.0,56.2
480,Michal Rozsival,CHI,D,10,0,3,3,0,10,0,0,0,0,8,0.0,15:38,21.0,0.0
481,Marc-Andre Cliche,COL,C,13,0,3,3,3,0,0,0,0,0,13,0.0,8:44,13.8,29.1
482,Cody McLeod,COL,L,14,0,3,3,4,47,0,0,0,0,10,0.0,8:03,11.6,0.0
483,Linden Vey,LAK,R,5,0,3,3,1,0,0,0,0,0,1,0.0,14:03,17.0,44.0
484,Paul Bissonnette,PHX,L,13,0,3,3,2,7,0,0,0,0,4,0.0,4:27,6.8,100.0
485,Tim Kennedy,PHX,L,6,0,3,3,1,0,0,0,0,0,3,0.0,7:20,10.8,23.5
486,Rick Nash,NYR,L,3,0,3,3,0,5,0,0,0,0,9,0.0,13:00,19.7,0.0
487,Shawn Thornton,BOS,L,19,2,0,2,2,24,0,0,0,0,28,7.1,8:06,11.6,0.0
488,Chuck Kobasew,PIT,R,12,2,0,2,3,2,0,0,2,0,18,11.1,12:32,17.1,50.0
489,Ryan Garbutt,DAL,L,14,2,0,2,-2,21,0,0,0,0,27,7.4,10:39,15.6,0.0
490,Deryk Engelland,PIT,D,14,2,0,2,-6,21,0,0,1,0,12,16.7,10:15,14.2,0.0
491,Boone Jenner,CBJ,C,9,2,0,2,0,10,2,0,0,0,16,12.5,13:08,16.3,100.0
492,Taylor Fedun,EDM,D,4,2,0,2,-1,0,0,0,0,0,6,33.3,12:12,16.3,0.0
493,Cam Janssen,NJD,R,6,2,0,2,3,0,0,0,0,0,3,66.7,4:38,7.3,0.0
494,Dan Girardi,NYR,D,19,1,1,2,-6,4,0,0,0,0,19,5.3,21:03,27.8,0.0
495,Ladislav Smid,"EDM, CGY",D,20,1,1,2,-8,18,0,0,0,0,8,12.5,17:52,23.8,0.0
496,John Moore,NYR,D,19,1,1,2,0,8,0,0,1,0,32,3.1,16:12,21.3,0.0
497,Maxime Talbot,"PHI, COL",C,19,1,1,2,-2,10,0,0,0,0,31,3.2,15:25,21.2,56.1
498,Drew Miller,DET,L,21,1,1,2,-9,7,0,0,0,0,26,3.8,12:32,17.5,50.0
499,Matt Gilroy,FLA,D,13,1,1,2,-2,4,0,0,0,0,25,4.0,16:54,22.0,0.0
500,Alexander Urbom,WSH,D,14,1,1,2,3,19,0,0,0,0,13,7.7,15:00,19.5,0.0
501,Derek MacKenzie,CBJ,C,18,1,1,2,-3,9,0,0,0,0,18,5.6,11:23,16.8,55.6
502,Rostislav Klesla,PHX,D,12,1,1,2,-1,8,0,0,0,0,6,16.7,15:56,23.3,0.0
503,Colin McDonald,NYI,R,15,1,1,2,-9,8,0,0,0,0,17,5.9,11:45,15.3,40.0
504,Jacob Trouba,WPG,D,8,1,1,2,-3,2,0,0,0,0,15,6.7,21:15,24.4,0.0
505,J.T. Miller,NYR,C,14,1,1,2,-4,8,0,0,0,0,18,5.6,11:14,16.1,50.0
506,Lance Bouma,CGY,L,17,1,1,2,-1,13,0,0,0,0,14,7.1,8:55,15.1,0.0
507,Daniel Carcillo,LAK,L,14,1,1,2,-2,27,0,0,1,0,15,6.7,9:57,13.8,100.0
508,Sheldon Brookbank,CHI,D,12,1,1,2,0,24,0,0,1,0,10,10.0,11:37,15.3,0.0
509,Matt Dumba,MIN,D,10,1,1,2,-3,2,1,0,0,0,9,11.1,12:33,17.0,0.0
510,Elias Lindholm,CAR,C,10,1,1,2,-4,0,0,0,0,0,7,14.3,11:39,16.3,47.0
511,Manny Malhotra,CAR,C,8,1,1,2,4,4,0,0,1,1,4,25.0,13:47,22.6,65.7
512,Marty Havlat,SJS,R,7,1,1,2,0,0,0,0,0,0,8,12.5,14:37,21.0,0.0
513,Luke Gazdic,EDM,L,19,1,1,2,1,50,0,0,0,0,8,12.5,5:16,8.5,100.0
514,Nick Holden,COL,D,6,1,1,2,-2,2,0,0,1,0,6,16.7,15:15,21.5,0.0
515,Mikael Samuelsson,DET,R,9,1,1,2,-1,2,0,0,0,0,13,7.7,10:04,13.6,0.0
516,Aaron Ness,NYI,D,6,1,1,2,-1,2,0,0,0,0,5,20.0,13:50,20.0,0.0
517,Josh Leivo,TOR,L,7,1,1,2,0,0,0,0,0,0,4,25.0,9:51,14.7,0.0
518,J.T. Brown,TBL,R,3,1,1,2,0,0,0,0,0,0,8,12.5,15:03,19.3,0.0
519,Willie Mitchell,LAK,D,20,0,2,2,-1,12,0,0,0,0,14,0.0,21:04,27.9,0.0
520,Erik Gudbranson,FLA,D,21,0,2,2,-10,51,0,0,0,0,31,0.0,19:27,24.7,0.0
521,Kimmo Timonen,PHI,D,19,0,2,2,0,14,0,0,0,0,33,0.0,20:56,28.7,0.0
522,Robyn Regehr,LAK,D,20,0,2,2,5,10,0,0,0,0,24,0.0,19:40,28.3,0.0
523,Francis Bouillon,MTL,D,21,0,2,2,-10,13,0,0,0,0,13,0.0,17:29,22.7,0.0
524,Anton Stralman,NYR,D,19,0,2,2,2,8,0,0,0,0,28,0.0,19:18,25.6,0.0
525,Barret Jackman,STL,D,17,0,2,2,2,20,0,0,0,0,17,0.0,17:48,23.8,0.0
526,Peter Harrold,NJD,D,15,0,2,2,-2,8,0,0,0,0,20,0.0,19:03,25.7,0.0
527,Gregory Campbell,BOS,C,19,0,2,2,0,14,0,0,0,0,12,0.0,11:31,15.6,42.6
528,Tuomo Ruutu,CAR,R,15,0,2,2,-8,16,0,0,0,0,16,0.0,13:50,18.7,33.3
529,Jordan Leopold,STL,D,13,0,2,2,1,4,0,0,0,0,20,0.0,15:44,21.4,0.0
530,Bryce Salvador,NJD,D,9,0,2,2,-1,9,0,0,0,0,7,0.0,21:46,25.9,0.0
531,Matt Carkner,NYI,D,15,0,2,2,-4,35,0,0,0,0,21,0.0,12:59,18.9,0.0
532,Shane O'Brien,CGY,D,18,0,2,2,-2,32,0,0,0,0,8,0.0,10:30,16.1,0.0
533,Mark Stuart,WPG,D,12,0,2,2,2,8,0,0,0,0,7,0.0,15:31,20.2,0.0
534,Travis Moen,MTL,L,16,0,2,2,-1,14,0,0,0,0,17,0.0,10:56,16.6,0.0
535,Nate Prosser,MIN,D,9,0,2,2,1,19,0,0,0,0,6,0.0,14:48,20.3,0.0
536,Beau Bennett,PIT,R,9,0,2,2,0,0,0,0,0,0,12,0.0,12:48,16.9,100.0
537,Rostislav Olesz,NJD,L,10,0,2,2,-1,0,0,0,0,0,9,0.0,11:25,17.0,33.3
538,Mark Barberio,TBL,D,8,0,2,2,3,8,0,0,0,0,6,0.0,14:15,20.0,0.0
539,Radek Martinek,NYI,D,7,0,2,2,2,2,0,0,0,0,5,0.0,15:17,19.4,0.0
540,Darren Archibald,VAN,R,8,0,2,2,3,0,0,0,0,0,5,0.0,8:35,13.3,0.0
541,Troy Bodie,TOR,R,9,0,2,2,0,5,0,0,0,0,7,0.0,6:00,9.2,0.0
542,Jeremy Morin,CHI,L,6,0,2,2,0,0,0,0,0,0,15,0.0,8:52,14.2,0.0
543,Andy Miele,PHX,C,4,0,2,2,2,5,0,0,0,0,5,0.0,8:55,12.0,40.0
544,Lane MacDermid,DAL,L,6,0,2,2,2,5,0,0,0,0,1,0.0,5:48,9.3,50.0
545,Eric Boulton,NYI,L,4,0,2,2,2,10,0,0,0,0,4,0.0,6:35,10.8,0.0
546,Ryan Spooner,BOS,C,2,0,2,2,0,2,0,0,0,0,4,0.0,11:50,17.0,50.0
547,Chad Billins,CGY,D,2,0,2,2,-1,0,0,0,0,0,0,0.0,10:37,16.0,0.0
548,Andrew Ference,EDM,D,22,1,0,1,-6,23,0,0,0,0,20,5.0,20:37,26.2,100.0
549,Rasmus Ristolainen,BUF,D,19,1,0,1,-4,4,0,0,0,0,25,4.0,17:13,21.1,0.0
550,Luke Schenn,PHI,D,16,1,0,1,-5,16,0,0,0,0,19,5.3,15:46,22.6,0.0
551,Matt Hendricks,NSH,C,16,1,0,1,-2,24,0,0,0,0,18,5.6,12:54,18.1,42.8
552,Zenon Konopka,MIN,C,20,1,0,1,-3,32,0,0,0,0,5,20.0,8:20,14.4,65.4
553,Kyle Clifford,LAK,L,16,1,0,1,2,32,0,0,0,0,19,5.3,9:44,14.3,50.0
554,Jared Boll,CBJ,R,17,1,0,1,-4,33,0,0,0,0,8,12.5,7:28,10.5,0.0
555,Nikita Zadorov,BUF,D,7,1,0,1,-4,4,0,0,0,0,4,25.0,17:10,20.3,0.0
556,Tom Sestito,VAN,L,21,1,0,1,-3,43,0,0,0,0,7,14.3,5:43,9.0,25.0
557,Brett Connolly,TBL,R,9,1,0,1,-2,2,0,0,1,0,10,10.0,12:21,17.2,51.4
558,Jordan Caron,BOS,R,9,1,0,1,-2,7,0,0,0,0,10,10.0,12:17,16.4,50.0
559,Jeff Halpern,PHX,C,10,1,0,1,-5,4,0,0,0,0,9,11.1,10:03,15.8,57.5
560,Mike Brown,"EDM, SJS",R,15,1,0,1,0,33,0,0,0,0,7,14.3,6:31,10.1,100.0
561,Mattias Tedenby,NJD,R,9,1,0,1,-3,10,0,0,0,0,5,20.0,10:17,14.8,0.0
562,Aaron Volpatti,WSH,L,13,1,0,1,0,26,0,0,0,0,6,16.7,6:42,9.8,33.3
563,Mark Borowiecki,OTT,D,6,1,0,1,0,9,0,0,0,0,6,16.7,14:31,20.8,0.0
564,Joakim Nordstrom,CHI,C,8,1,0,1,1,2,0,0,0,0,10,10.0,10:42,15.5,50.0
565,Jean-Gabriel Pageau,OTT,C,8,1,0,1,-3,2,0,0,0,0,9,11.1,10:08,14.9,30.9
566,Jordan Szwarz,PHX,R,9,1,0,1,-2,10,0,0,0,0,9,11.1,8:32,11.8,0.0
567,Jesse Joensuu,EDM,L,9,1,0,1,-7,6,1,0,0,0,9,11.1,8:26,13.2,0.0
568,Anthony Peluso,WPG,R,9,1,0,1,-2,2,0,0,0,0,9,11.1,7:12,9.6,0.0
569,Tim Jackman,CGY,R,10,1,0,1,-1,41,0,0,0,0,9,11.1,6:23,10.3,0.0
570,Jay Rosehill,PHI,L,12,1,0,1,-1,30,0,0,0,0,3,33.3,4:32,6.6,0.0
571,Peter Holland,"ANA, TOR",C,5,1,0,1,-1,4,0,0,0,0,5,20.0,9:37,13.8,45.2
572,Connor Carrick,WSH,D,3,1,0,1,-2,6,0,0,0,0,5,20.0,13:37,17.7,0.0
573,Adam Almquist,DET,D,2,1,0,1,-1,0,0,0,0,0,2,50.0,17:13,25.0,0.0
574,Tyler Pitlick,EDM,R,3,1,0,1,0,0,0,0,0,0,3,33.3,9:59,15.3,33.3
575,Michael Kostka,CHI,D,2,1,0,1,1,2,0,0,1,0,4,25.0,14:54,20.0,0.0
576,Connor Murphy,PHX,D,1,1,0,1,1,0,0,0,1,0,1,100.0,22:32,29.0,0.0
577,Matt Pelech,SJS,R,5,1,0,1,1,22,0,0,1,0,2,50.0,4:10,7.6,0.0
578,Tanner Pearson,LAK,L,2,1,0,1,0,0,1,0,0,0,3,33.3,9:14,13.0,0.0
579,Kevin Klein,NSH,D,20,0,1,1,-10,2,0,0,0,0,25,0.0,20:40,27.3,0.0
580,Carl Gunnarsson,TOR,D,20,0,1,1,2,10,0,0,0,0,10,0.0,19:59,28.3,0.0
581,Mike Weaver,FLA,D,20,0,1,1,-9,11,0,0,0,0,13,0.0,18:55,24.5,0.0
582,Ben Lovejoy,ANA,D,20,0,1,1,5,6,0,0,0,0,36,0.0,18:41,25.3,0.0
583,Jay McClement,TOR,C,19,0,1,1,1,12,0,0,0,0,12,0.0,17:19,23.1,55.0
584,Nick Schultz,EDM,D,20,0,1,1,-2,8,0,0,0,0,10,0.0,16:22,22.5,0.0
585,David Desharnais,MTL,C,19,0,1,1,-2,6,0,0,0,0,21,0.0,15:17,19.7,50.2
586,Brett Bellemore,CAR,D,16,0,1,1,-4,9,0,0,0,0,16,0.0,17:41,24.3,0.0
587,Brian Lashoff,DET,D,17,0,1,1,-1,12,0,0,0,0,11,0.0,15:21,22.9,0.0
588,Dalton Prout,CBJ,D,13,0,1,1,-6,12,0,0,0,0,12,0.0,18:22,20.8,0.0
589,Taylor Pyatt,NYR,L,16,0,1,1,-8,10,0,0,0,0,20,0.0,13:32,19.3,40.0
590,Rob Scuderi,PIT,D,11,0,1,1,5,0,0,0,0,0,10,0.0,19:12,23.8,0.0
591,Johan Larsson,BUF,L,17,0,1,1,-2,13,0,0,0,0,12,0.0,12:04,15.3,46.8
592,Stephen Gionta,NJD,R,18,0,1,1,-5,4,0,0,0,0,20,0.0,11:18,17.3,43.7
593,Brendan Smith,DET,D,11,0,1,1,-7,19,0,0,0,0,11,0.0,18:13,26.1,0.0
594,Andrej Meszaros,PHI,D,9,0,1,1,-3,18,0,0,0,0,11,0.0,17:57,25.4,0.0
595,Alec Martinez,LAK,D,10,0,1,1,3,2,0,0,0,0,14,0.0,15:32,21.2,0.0
596,Adam Pardy,WPG,D,11,0,1,1,1,11,0,0,0,0,13,0.0,13:13,16.4,0.0
597,Dominic Moore,NYR,C,12,0,1,1,-5,6,0,0,0,0,12,0.0,12:02,18.3,53.2
598,Brian Strait,NYI,D,9,0,1,1,-2,2,0,0,0,0,9,0.0,15:56,21.9,0.0
599,Michael Raffl,PHI,L,11,0,1,1,-2,8,0,0,0,0,18,0.0,12:45,17.7,100.0
600,Zac Rinaldo,PHI,C,19,0,1,1,-2,36,0,0,0,0,9,0.0,7:19,9.9,0.0
601,Ville Leino,BUF,L,10,0,1,1,-3,4,0,0,0,0,3,0.0,12:53,15.7,52.2
602,Derek Grant,OTT,C,12,0,1,1,-2,2,0,0,0,0,11,0.0,9:56,15.8,51.8
603,John Erskine,WSH,D,7,0,1,1,-4,12,0,0,0,0,9,0.0,16:54,20.7,0.0
604,David Rundblad,PHX,D,7,0,1,1,-3,4,0,0,0,0,4,0.0,15:59,19.1,0.0
605,Dustin Jeffrey,PIT,C,10,0,1,1,-2,2,0,0,0,0,9,0.0,10:49,14.9,61.5
606,Luca Sbisa,ANA,D,6,0,1,1,-3,14,0,0,0,0,4,0.0,17:39,23.7,0.0
607,Carter Ashton,TOR,R,13,0,1,1,2,12,0,0,0,0,11,0.0,7:55,10.9,60.0
608,Ben Street,CGY,C,8,0,1,1,-2,2,0,0,0,0,13,0.0,12:46,21.1,43.0
609,Brian McGrattan,CGY,R,18,0,1,1,-1,19,0,0,0,0,18,0.0,5:23,8.8,0.0
610,Colin Fraser,LAK,C,11,0,1,1,-2,12,0,0,0,0,10,0.0,8:32,12.5,61.5
611,Ryane Clowe,NJD,L,6,0,1,1,-5,5,0,0,0,0,4,0.0,15:36,18.3,0.0
612,Jim Slater,WPG,C,8,0,1,1,-2,0,0,0,0,0,8,0.0,10:56,17.0,50.5
613,Ian Cole,STL,D,6,0,1,1,5,2,0,0,0,0,4,0.0,14:33,20.8,0.0
614,Rickard Rakell,ANA,C,7,0,1,1,0,2,0,0,0,0,11,0.0,12:21,16.4,47.6
615,Keaton Ellerby,WPG,D,6,0,1,1,4,0,0,0,0,0,2,0.0,13:31,16.5,0.0
616,Corey Tropp,BUF,R,7,0,1,1,-6,0,0,0,0,0,7,0.0,11:13,16.1,0.0
617,Sean Bergenheim,FLA,L,8,0,1,1,-5,2,0,0,0,0,8,0.0,9:19,14.5,0.0
618,Krys Barch,FLA,R,11,0,1,1,-4,22,0,0,0,0,4,0.0,6:45,9.7,0.0
619,Tyson Barrie,COL,D,5,0,1,1,2,2,0,0,0,0,7,0.0,13:59,19.0,0.0
620,Matt D'Agostini,PIT,R,6,0,1,1,-1,4,0,0,0,0,10,0.0,11:25,15.5,0.0
621,Derek Smith,CGY,D,7,0,1,1,-3,0,0,0,0,0,6,0.0,9:21,14.4,0.0
622,Mark Fistric,ANA,D,4,0,1,1,0,6,0,0,0,0,0,0.0,14:14,22.3,0.0
623,Nathan Beaulieu,MTL,D,5,0,1,1,2,0,0,0,0,0,1,0.0,10:45,15.2,0.0
624,Ben Eager,EDM,L,7,0,1,1,1,2,0,0,0,0,4,0.0,7:13,11.7,50.0
625,David Broll,TOR,L,5,0,1,1,1,5,0,0,0,0,3,0.0,8:11,13.4,0.0
626,Sean Collins,CBJ,C,5,0,1,1,2,0,0,0,0,0,5,0.0,8:07,13.2,0.0
627,Cory Emmerton,DET,C,4,0,1,1,0,2,0,0,0,0,7,0.0,9:22,14.0,51.8
628,Kris Newbury,PHI,C,4,0,1,1,0,7,0,0,0,0,1,0.0,5:01,7.8,42.8
629,Trevor Lewis,LAK,C,20,0,0,0,-3,2,0,0,0,0,25,0.0,14:24,20.9,50.0
630,James Wright,WPG,C,21,0,0,0,0,2,0,0,0,0,15,0.0,11:23,16.0,46.4
631,Victor Bartley,NSH,D,14,0,0,0,2,12,0,0,0,0,8,0.0,13:39,19.0,0.0
632,Robert Bortuzzo,PIT,D,14,0,0,0,-3,16,0,0,0,0,16,0.0,13:12,18.9,0.0
633,Mike Weber,BUF,D,11,0,0,0,-12,21,0,0,0,0,7,0.0,16:12,20.4,0.0
634,Mark Fayne,NJD,D,10,0,0,0,-2,2,0,0,0,0,8,0.0,17:34,24.0,0.0
635,Ryan White,MTL,C,18,0,0,0,-3,23,0,0,0,0,19,0.0,9:34,15.1,52.1
636,Adam Hall,PHI,R,17,0,0,0,-1,4,0,0,0,0,17,0.0,9:03,14.5,60.0
637,John McCarthy,SJS,C,12,0,0,0,-2,0,0,0,0,0,17,0.0,11:54,18.8,41.7
638,Douglas Murray,MTL,D,9,0,0,0,-5,4,0,0,0,0,2,0.0,12:42,17.8,0.0
639,Colton Orr,TOR,R,18,0,0,0,-2,63,0,0,0,0,6,0.0,6:21,10.1,100.0
640,Kevin Porter,BUF,C,9,0,0,0,-6,2,0,0,0,0,3,0.0,12:22,16.1,34.6
641,Paul Postma,WPG,D,8,0,0,0,0,6,0,0,0,0,4,0.0,13:01,16.8,0.0
642,Ryan Whitney,FLA,D,6,0,0,0,-7,4,0,0,0,0,8,0.0,16:06,21.0,0.0
643,Mark Fraser,TOR,D,7,0,0,0,0,20,0,0,0,0,2,0.0,13:03,18.7,0.0
644,Rich Clune,NSH,L,11,0,0,0,-5,52,0,0,0,0,3,0.0,8:11,12.8,0.0
645,Jeremy Welsh,VAN,C,12,0,0,0,0,6,0,0,0,0,9,0.0,7:27,11.7,52.2
646,Luke Glendening,DET,C,9,0,0,0,-3,4,0,0,0,0,9,0.0,9:50,15.0,48.7
647,Jesper Fast,NYR,R,8,0,0,0,-5,2,0,0,0,0,6,0.0,10:29,15.5,0.0
648,Brett Sutter,CAR,C,12,0,0,0,-5,9,0,0,0,0,11,0.0,6:56,10.9,46.8
649,Michael Chaput,CBJ,C,9,0,0,0,0,0,0,0,0,0,5,0.0,9:14,13.8,40.9
650,Jarred Tinordi,MTL,D,6,0,0,0,0,9,0,0,0,0,1,0.0,12:27,17.2,0.0
651,Pierre-Cedric Labrie,TBL,L,10,0,0,0,-3,11,0,0,0,0,2,0.0,7:26,11.2,100.0
652,Stephane Veilleux,MIN,L,10,0,0,0,-4,6,0,0,0,0,7,0.0,7:10,12.9,0.0
653,Chris Thorburn,WPG,R,11,0,0,0,1,10,0,0,0,0,1,0.0,6:08,8.7,100.0
654,Jacob Josefson,NJD,C,6,0,0,0,0,2,0,0,0,0,4,0.0,11:02,16.7,49.1
655,Chris Terry,CAR,L,5,0,0,0,-2,0,0,0,0,0,7,0.0,11:53,15.6,0.0
656,Louis Leblanc,MTL,C,5,0,0,0,2,2,0,0,0,0,5,0.0,11:45,16.2,50.0
657,Tim Gleason,CAR,D,4,0,0,0,0,2,0,0,0,0,5,0.0,14:38,19.8,0.0
658,Jerred Smithson,TOR,C,5,0,0,0,-1,2,0,0,0,0,1,0.0,11:39,24.2,53.6
659,Jordin Tootoo,DET,R,8,0,0,0,-4,5,0,0,0,0,7,0.0,7:13,10.3,0.0
660,Zac Dalpe,VAN,C,11,0,0,0,-2,0,0,0,0,0,7,0.0,5:09,9.2,38.1
661,Yannick Weber,VAN,D,10,0,0,0,-2,0,0,0,0,0,4,0.0,5:37,9.2,0.0
662,Mike Komisarek,CAR,D,5,0,0,0,-1,0,0,0,0,0,0,0.0,10:55,16.0,0.0
663,John Scott,BUF,L,9,0,0,0,-3,33,0,0,0,0,1,0.0,5:25,7.7,0.0
664,Mike Mottau,FLA,D,3,0,0,0,0,0,0,0,0,0,0,0.0,15:53,23.3,0.0
665,Freddie Hamilton,SJS,C,4,0,0,0,-1,0,0,0,0,0,5,0.0,11:53,19.5,23.1
666,Matt Calvert,CBJ,L,3,0,0,0,1,0,0,0,0,0,4,0.0,15:25,18.3,0.0
667,Stephane Da Costa,OTT,C,4,0,0,0,1,2,0,0,0,0,8,0.0,11:27,16.5,33.3
668,Xavier Ouellet,DET,D,3,0,0,0,0,0,0,0,0,0,3,0.0,13:58,18.7,0.0
669,Patrick Kaleta,BUF,R,5,0,0,0,-1,5,0,0,0,0,0,0.0,8:20,12.0,100.0
670,Justin Falk,NYR,D,4,0,0,0,-1,11,0,0,0,0,3,0.0,10:19,16.3,0.0
671,Matt Kassian,OTT,L,11,0,0,0,0,12,0,0,0,0,4,0.0,3:44,6.2,0.0
672,Adam Cracknell,STL,R,5,0,0,0,0,0,0,0,0,0,5,0.0,8:10,11.8,20.0
673,Jay Beagle,WSH,C,5,0,0,0,-1,0,0,0,0,0,3,0.0,8:08,12.2,68.8
674,Frazer McLaren,TOR,L,9,0,0,0,0,35,0,0,0,0,2,0.0,4:16,8.1,0.0
675,Hal Gill,PHI,D,3,0,0,0,-1,2,0,0,0,0,0,0.0,12:43,18.7,0.0
676,Patrick Holland,MTL,R,5,0,0,0,0,0,0,0,0,0,2,0.0,7:37,11.6,50.0
677,Mike Blunden,MTL,R,6,0,0,0,-2,5,0,0,0,0,1,0.0,6:11,9.2,0.0
678,Corey Potter,EDM,D,3,0,0,0,-2,2,0,0,0,0,4,0.0,12:20,18.7,0.0
679,Denis Grebeshkov,EDM,D,3,0,0,0,1,2,0,0,0,0,2,0.0,11:36,14.7,0.0
680,Lucas Lessio,PHX,L,3,0,0,0,-2,2,0,0,0,0,4,0.0,11:31,15.7,0.0
681,Magnus Paajarvi,STL,L,4,0,0,0,-1,0,0,0,0,0,1,0.0,7:58,12.5,0.0
682,Jimmy Hayes,"CHI, FLA",R,3,0,0,0,1,0,0,0,0,0,1,0.0,10:20,12.3,50.0
683,Brad Mills,CHI,C,3,0,0,0,-1,0,0,0,0,0,2,0.0,10:19,16.0,57.1
684,Arron Asham,NYR,R,3,0,0,0,-3,14,0,0,0,0,1,0.0,10:09,14.7,0.0
685,Jordan Schroeder,VAN,C,3,0,0,0,0,2,0,0,0,0,4,0.0,9:49,15.3,50.0
686,Keith Aulie,TBL,D,3,0,0,0,-3,0,0,0,0,0,1,0.0,9:26,13.3,0.0
687,Patrick Eaves,DET,R,3,0,0,0,-2,0,0,0,0,0,4,0.0,9:14,14.3,0.0
688,Brandon Mashinter,NYR,L,6,0,0,0,-1,10,0,0,0,0,3,0.0,4:34,7.2,0.0
689,Harry Zolnierczyk,PIT,L,3,0,0,0,0,0,0,0,0,0,2,0.0,8:56,11.7,100.0
690,Chris Brown,PHX,C,4,0,0,0,0,17,0,0,0,0,2,0.0,6:36,10.0,0.0
691,Kevin Westgarth,CAR,R,6,0,0,0,-1,2,0,0,0,0,2,0.0,4:05,6.2,0.0
692,Taylor Beck,NSH,L,2,0,0,0,-1,2,0,0,0,0,3,0.0,12:07,17.5,0.0
693,Max Reinhart,CGY,C,2,0,0,0,1,2,0,0,0,0,1,0.0,11:04,17.0,0.0
694,Tyson Strachan,WSH,D,1,0,0,0,0,0,0,0,0,0,1,0.0,21:43,26.0,0.0
695,Chris Conner,PIT,R,2,0,0,0,-1,0,0,0,0,0,2,0.0,10:34,13.5,0.0
696,George Parros,MTL,R,5,0,0,0,-5,32,0,0,0,0,0,0.0,4:12,6.8,0.0
697,Matt Beleskey,ANA,L,2,0,0,0,-1,9,0,0,0,0,5,0.0,10:16,13.5,0.0
698,Ryan Hamilton,EDM,L,2,0,0,0,-2,0,0,0,0,0,0,0.0,10:01,15.0,0.0
699,Ryan Craig,CBJ,C,3,0,0,0,-2,0,0,0,0,0,3,0.0,6:34,8.7,0.0
700,Jack Hillen,WSH,D,2,0,0,0,-2,0,0,0,0,0,2,0.0,9:46,11.0,0.0
701,Alexander Sulzer,BUF,D,1,0,0,0,0,0,0,0,0,0,0,0.0,19:20,25.0,0.0
702,Christopher Breen,CGY,D,2,0,0,0,-1,5,0,0,0,0,1,0.0,9:34,18.0,0.0
703,Drew Shore,FLA,C,2,0,0,0,1,2,0,0,0,0,1,0.0,9:32,14.5,0.0
704,Travis Morin,DAL,C,2,0,0,0,1,0,0,0,0,0,2,0.0,9:16,14.5,52.9
705,Patrice Cormier,WPG,C,3,0,0,0,0,7,0,0,0,0,0,0.0,5:52,7.7,63.6
706,Matt Hunwick,COL,D,1,0,0,0,0,0,0,0,0,0,1,0.0,17:27,23.0,0.0
707,Kevin Connauton,DAL,D,1,0,0,0,2,2,0,0,0,0,0,0.0,16:05,20.0,0.0
708,Alexei Emelin,MTL,D,1,0,0,0,0,0,0,0,0,0,1,0.0,16:04,19.0,0.0
709,Chris Porter,STL,L,2,0,0,0,0,0,0,0,0,0,1,0.0,7:44,12.5,0.0
710,Anton Lander,EDM,C,1,0,0,0,0,0,0,0,0,0,0,0.0,14:07,30.0,25.0
711,Brandon Yip,PHX,R,2,0,0,0,0,0,0,0,0,0,1,0.0,6:52,10.0,0.0
712,Gabriel Dumont,MTL,C,2,0,0,0,0,0,0,0,0,0,1,0.0,6:50,10.0,37.5
713,Tom Pyatt,TBL,C,1,0,0,0,0,0,0,0,0,0,1,0.0,13:15,17.0,100.0
714,Jason Zucker,MIN,L,1,0,0,0,0,0,0,0,0,0,1,0.0,13:13,19.0,0.0
715,Andrew Alberts,VAN,D,3,0,0,0,-1,0,0,0,0,0,1,0.0,4:16,6.3,0.0
716,Jamie Devane,TOR,L,2,0,0,0,-1,0,0,0,0,0,1,0.0,5:51,9.5,0.0
717,Ben Chiarot,WPG,D,1,0,0,0,-3,0,0,0,0,0,0,0.0,10:47,15.0,0.0
718,Bracken Kearns,SJS,L,1,0,0,0,0,0,0,0,0,0,0,0.0,10:10,15.0,0.0
719,Martin St Pierre,MTL,C,1,0,0,0,0,0,0,0,0,0,0,0.0,9:53,13.0,66.7
720,Joey Crabb,FLA,R,1,0,0,0,0,0,0,0,0,0,1,0.0,9:49,15.0,0.0
721,Zach Sill,PIT,C,1,0,0,0,0,0,0,0,0,0,0,0.0,9:10,11.0,20.0
722,Linus Omark,EDM,L,1,0,0,0,-1,0,0,0,0,0,0,0.0,9:04,12.0,0.0
723,Pascal Pelletier,VAN,L,1,0,0,0,0,0,0,0,0,0,0,0.0,8:34,12.0,33.3
724,Darroll Powe,NYR,C,1,0,0,0,-2,0,0,0,0,0,0,0.0,8:33,14.0,100.0
725,Carson McMillan,MIN,R,1,0,0,0,0,0,0,0,0,0,0,0.0,8:06,13.0,0.0
726,Jack Skille,CBJ,R,1,0,0,0,0,0,0,0,0,0,1,0.0,7:33,10.0,0.0
727,Chris Mueller,DAL,C,1,0,0,0,0,0,0,0,0,0,1,0.0,6:59,11.0,83.3
728,Spencer Abbott,TOR,L,1,0,0,0,-2,0,0,0,0,0,2,0.0,5:16,10.0,0.0
729,Roman Horak,CGY,L,1,0,0,0,0,0,0,0,0,0,0,0.0,4:04,6.0,0.0
730,Jon Merrill,NJD,D,1,0,0,0,0,0,0,0,0,0,0,0.0,1:16,3.0,0.0
