Number,Player,Team,Pos,GP,G,A,P,PlusmMinus,PIM,PP,SH,GW,OT,S,S_Perc,TOI_G,Sft_GFO_Perc
1,Martin St Louis,TBL,R,48,17,43,60,+0,14,3,0,2,0,112,15.2,21:59,23.9
2,Steven Stamkos,TBL,C,48,29,28,57,-4,32,10,0,2,0,157,18.5,22:01,24.3
3,Alex Ovechkin,WSH,R,48,32,24,56,+2,36,16,0,4,0,220,14.5,20:53,21.4
4,Sidney Crosby,PIT,C,36,15,41,56,+26,16,3,0,1,0,124,12.1,21:06,22.8
5,Patrick Kane,CHI,R,47,23,32,55,+11,8,8,0,3,0,138,16.7,20:03,23.1
6,Eric Staal,CAR,C,48,18,35,53,+5,54,3,1,4,0,152,11.8,20:59,26.3
7,Chris Kunitz,PIT,L,48,22,30,52,+30,39,9,0,5,0,113,19.5,18:01,20.4
8,Phil Kessel,TOR,R,48,20,32,52,-3,18,6,0,4,0,161,12.4,19:48,23.9
9,Taylor Hall,EDM,L,45,16,34,50,+5,33,4,0,4,0,154,10.4,18:37,22.6
10,Pavel Datsyuk,DET,C,47,15,34,49,+21,14,8,0,6,2,107,14.0,20:10,25.3
11,Ryan Getzlaf,ANA,C,44,15,34,49,+14,41,4,3,3,0,99,15.2,20:11,24.2
12,Mike Ribeiro,WSH,C,48,13,36,49,-4,53,6,0,1,0,63,20.6,17:50,20.3
13,Jonathan Toews,CHI,C,47,23,25,48,+28,27,2,2,5,0,143,16.1,19:20,25.0
14,Claude Giroux,PHI,R,48,13,35,48,-7,22,6,1,2,0,137,9.5,21:10,26.1
15,Henrik Zetterberg,DET,L,46,11,37,48,+2,18,4,2,5,0,173,6.4,20:31,24.3
16,Nicklas Backstrom,WSH,C,48,8,40,48,+8,20,3,0,1,0,82,9.8,19:54,23.3
17,John Tavares,NYI,C,48,28,19,47,-2,18,9,0,5,0,162,17.3,20:46,22.3
18,Jakub Voracek,PHI,R,48,22,24,46,-7,35,8,0,3,0,129,17.1,17:14,21.1
19,Andrew Ladd,WPG,L,48,18,28,46,+10,22,3,0,4,0,121,14.9,19:40,24.2
20,Henrik Sedin,VAN,C,48,11,34,45,+19,24,1,1,1,0,70,15.7,19:20,24.5
21,Derek Stepan,NYR,C,48,18,26,44,+25,12,4,1,6,0,108,16.7,20:55,25.7
22,Nazem Kadri,TOR,C,48,18,26,44,+15,23,5,0,1,0,107,16.8,16:03,21.0
23,Matt Moulson,NYI,L,47,15,29,44,-3,4,8,0,0,0,154,9.7,19:09,21.5
24,Alexander Semin,CAR,R,44,13,31,44,+14,46,4,0,1,0,150,8.7,20:56,25.1
25,PA Parenteau,COL,R,48,18,25,43,-11,38,6,0,1,0,105,17.1,19:08,23.0
26,Matt Duchene,COL,C,47,17,26,43,-12,12,2,0,3,1,132,12.9,20:55,27.0
27,Rick Nash,NYR,L,44,21,21,42,+16,26,3,1,3,0,176,11.9,19:58,25.0
28,Anze Kopitar,LAK,C,47,10,32,42,+14,16,0,0,1,0,98,10.2,20:28,25.3
29,Thomas Vanek,BUF,L,38,20,21,41,-1,20,9,1,2,0,119,16.8,18:24,21.1
30,Blake Wheeler,WPG,R,48,19,22,41,-3,28,2,0,2,0,129,14.7,18:48,22.9
31,Daniel Sedin,VAN,L,47,12,28,40,+12,18,3,0,3,0,138,8.7,19:01,24.7
32,Joe Thornton,SJS,C,48,7,33,40,+6,26,2,0,1,0,85,8.2,18:22,25.0
33,Max Pacioretty,MTL,L,44,15,24,39,+8,28,4,0,0,0,163,9.2,16:30,21.7
34,Jiri Tlusty,CAR,C,48,23,15,38,+15,18,4,0,3,0,117,19.7,18:14,24.6
35,Pascal Dupuis,PIT,R,48,20,18,38,+31,26,2,1,2,0,140,14.3,17:30,21.7
36,Zach Parise,MIN,L,48,18,20,38,+2,16,7,0,4,1,182,9.9,20:40,26.2
37,Sam Gagner,EDM,C,48,14,24,38,-6,23,4,0,1,1,113,12.4,19:24,24.6
38,P.K. Subban,MTL,D,42,11,27,38,+12,57,7,0,0,0,126,8.7,23:14,26.3
39,Kris Letang,PIT,D,35,5,33,38,+16,8,1,0,1,0,95,5.3,25:38,25.7
40,Logan Couture,SJS,C,48,21,16,37,+7,4,7,0,5,0,151,13.9,18:05,24.6
41,Jordan Eberle,EDM,R,48,16,21,37,-4,16,3,0,3,0,133,12.0,18:59,23.1
42,Mikko Koivu,MIN,C,48,11,26,37,+2,26,0,0,3,1,127,8.7,21:05,26.5
43,James Neal,PIT,L,40,21,15,36,+5,26,9,0,6,0,136,15.4,17:28,19.5
44,Brad Marchand,BOS,L,45,18,18,36,+23,27,4,2,5,0,91,19.8,16:57,21.7
45,Chris Stewart,STL,R,48,18,18,36,+0,40,6,0,3,1,97,18.6,15:49,23.0
46,Corey Perry,ANA,R,44,15,21,36,+10,72,5,0,5,1,128,11.7,19:04,22.8
47,Patrik Elias,NJD,L,48,14,22,36,+5,22,5,1,0,0,118,11.9,18:43,25.3
48,Teddy Purcell,TBL,R,48,11,25,36,-1,12,3,0,2,0,94,11.7,16:44,20.4
49,Jaromir Jagr,"DAL, BOS",R,45,16,19,35,-2,22,6,0,4,1,115,13.9,18:19,20.7
50,Michael Ryder,"DAL, MTL",R,46,16,19,35,+2,16,8,0,5,0,101,15.8,16:02,20.0
51,Tomas Fleischmann,FLA,L,48,12,23,35,-10,16,2,1,2,0,121,9.9,18:44,24.4
52,Brad Boyes,NYI,R,48,10,25,35,-6,16,1,0,1,1,97,10.3,18:12,20.9
53,Cody Hodgson,BUF,C,48,15,19,34,-4,20,3,1,1,0,114,13.2,18:23,22.5
54,Jason Pominville,"BUF, MIN",R,47,14,20,34,+1,8,2,1,2,0,118,11.9,20:10,24.2
55,Brad Richards,NYR,C,46,11,23,34,+8,14,3,0,1,0,110,10.0,18:48,22.2
56,Jeff Carter,LAK,C,48,26,7,33,+0,16,8,0,8,1,133,19.5,17:34,23.5
57,Troy Brouwer,WSH,R,47,19,14,33,-5,28,7,1,5,1,111,17.1,18:32,22.8
58,Evander Kane,WPG,L,48,17,16,33,-3,80,2,0,4,1,190,8.9,20:27,23.3
59,Tomas Plekanec,MTL,C,47,14,19,33,+3,24,4,0,2,0,133,10.5,19:12,25.7
60,Jarome Iginla,"CGY, PIT",R,44,14,19,33,-5,31,6,0,3,0,134,10.4,18:48,23.0
61,Jamie Benn,DAL,C,41,12,21,33,-12,40,3,0,3,0,110,10.9,19:54,23.1
62,Justin Williams,LAK,R,48,11,22,33,+15,22,1,0,3,0,142,7.7,16:59,21.9
63,David Krejci,BOS,C,47,10,23,33,+1,20,0,0,5,0,93,10.8,18:30,21.4
64,Evgeni Malkin,PIT,C,31,9,24,33,+5,36,4,0,3,0,99,9.1,19:42,20.8
65,James van Riemsdyk,TOR,L,48,18,14,32,-7,26,5,0,3,0,140,12.9,19:12,24.4
66,Tyler Seguin,BOS,C,48,16,16,32,+23,16,4,0,2,0,161,9.9,17:00,20.1
67,Wayne Simmonds,PHI,R,45,15,17,32,-7,82,6,0,4,0,110,13.6,15:38,19.3
68,Mike Cammalleri,CGY,C,44,13,19,32,-15,25,5,0,3,0,102,12.7,18:03,23.6
69,Mike Richards,LAK,C,48,12,20,32,-8,42,6,0,3,0,82,14.6,16:21,22.9
70,Patrice Bergeron,BOS,C,42,10,22,32,+24,18,2,0,3,1,125,8.0,19:17,25.1
71,Vincent Lecavalier,TBL,C,39,10,22,32,-5,29,5,0,0,0,86,11.6,17:52,21.8
72,Lee Stempniak,CGY,R,47,9,23,32,+2,12,4,0,2,0,113,8.0,17:54,24.8
73,Bryan Little,WPG,C,48,7,25,32,+8,4,2,0,2,1,84,8.3,19:47,24.5
74,Ryan Suter,MIN,D,48,4,28,32,+2,24,3,0,1,0,91,4.4,27:16,31.0
75,Patrick Marleau,SJS,L,48,17,14,31,-2,24,6,1,3,0,150,11.3,19:06,26.0
76,Marian Hossa,CHI,R,40,17,14,31,+20,16,4,1,6,3,116,14.7,18:02,24.4
77,Nail Yakupov,EDM,R,48,17,14,31,-4,24,6,0,2,1,81,21.0,14:33,19.4
78,Ryan Callahan,NYR,R,45,16,15,31,+9,12,6,2,4,1,144,11.1,21:30,25.0
79,Joe Pavelski,SJS,C,48,16,15,31,+2,10,5,0,5,0,130,12.3,18:54,26.6
80,Jonathan Huberdeau,FLA,C,48,14,17,31,-15,18,2,0,1,0,112,12.5,16:55,21.7
81,Johan Franzen,DET,R,41,14,17,31,+13,41,6,0,1,0,116,12.1,18:05,23.1
82,Ilya Kovalchuk,NJD,R,37,11,20,31,-6,18,2,4,5,1,123,8.9,24:44,25.4
83,Jordan Staal,CAR,C,48,10,21,31,-18,32,1,0,1,0,114,8.8,20:06,26.1
84,Tyler Ennis,BUF,C,47,10,21,31,-14,16,2,0,0,0,108,9.3,17:52,20.3
85,Vinny Prospal,CBJ,L,48,12,18,30,+3,32,4,0,2,0,85,14.1,16:31,20.4
86,Bobby Ryan,ANA,R,46,11,19,30,+3,17,2,0,1,0,101,10.9,16:35,21.0
87,Andrei Markov,MTL,D,48,10,20,30,-9,14,8,0,4,1,79,12.7,24:07,27.9
88,Keith Yandle,PHX,D,48,10,20,30,+4,54,5,0,3,0,130,7.7,22:14,26.4
89,Lars Eller,MTL,C,46,8,22,30,+8,45,1,0,1,0,84,9.5,14:49,20.4
90,Dustin Brown,LAK,R,46,18,11,29,+6,22,8,0,1,0,142,12.7,19:30,24.6
91,Loui Eriksson,DAL,L,48,12,17,29,-9,8,2,1,3,1,104,11.5,20:07,23.3
92,Kyle Turris,OTT,C,48,12,17,29,+6,24,3,0,2,1,118,10.2,19:38,24.9
93,Derick Brassard,"CBJ, NYR",C,47,12,17,29,+1,16,3,0,1,0,88,13.6,16:33,20.9
94,Cory Conacher,"TBL, OTT",L,47,11,18,29,+3,20,1,0,3,0,67,16.4,13:58,18.8
95,Ray Whitney,DAL,L,32,11,18,29,+1,4,4,0,1,0,62,17.7,19:23,21.9
96,Frans Nielsen,NYI,C,48,6,23,29,-3,12,2,1,1,0,93,6.5,18:01,24.3
97,Niklas Kronwall,DET,D,48,5,24,29,-5,44,2,0,2,0,67,7.5,24:21,30.0
98,Kimmo Timonen,PHI,D,45,5,24,29,+3,36,3,0,1,0,78,6.4,21:45,28.2
99,Cody Franson,TOR,D,45,4,25,29,+4,8,3,0,0,0,70,5.7,18:47,26.4
100,Brendan Gallagher,MTL,R,44,15,13,28,+10,33,3,0,3,0,117,12.8,13:51,19.4
101,Tyler Bozak,TOR,C,46,12,16,28,-1,6,4,1,3,0,61,19.7,20:18,27.6
102,Radim Vrbata,PHX,R,34,12,16,28,+6,14,2,1,1,0,106,11.3,18:18,22.8
103,David Desharnais,MTL,C,48,10,18,28,-2,26,2,0,3,0,66,15.2,16:27,21.7
104,Shea Weber,NSH,D,48,9,19,28,-2,48,3,0,1,1,124,7.3,25:55,28.9
105,Dion Phaneuf,TOR,D,48,9,19,28,-4,65,3,0,1,1,88,10.2,25:10,31.6
106,Dustin Byfuglien,WPG,D,43,8,20,28,-1,34,4,0,2,2,142,5.6,24:24,25.7
107,Derek Roy,"DAL, VAN",C,42,7,21,28,+4,6,2,0,1,0,85,8.2,18:35,23.2
108,David Backes,STL,C,48,6,22,28,+5,62,1,0,1,0,100,6.0,19:36,29.2
109,Tomas Kopecky,FLA,R,47,15,12,27,-8,28,4,1,0,0,92,16.3,17:41,24.4
110,Shane Doan,PHX,R,48,13,14,27,+6,37,0,0,2,1,129,10.1,18:03,22.5
111,Mark Letestu,CBJ,C,46,13,14,27,+7,10,3,2,2,1,92,14.1,16:30,22.1
112,Devin Setoguchi,MIN,R,48,13,14,27,+5,20,5,0,3,1,97,13.4,14:26,20.3
113,Marian Gaborik,"NYR, CBJ",R,47,12,15,27,-3,14,1,0,5,2,151,7.9,18:31,22.4
114,Alex Tanguay,CGY,L,40,11,16,27,-13,22,2,1,1,1,44,25.0,19:21,25.3
115,Jannik Hansen,VAN,R,47,10,17,27,+12,8,1,0,2,0,99,10.1,17:33,24.0
116,Brandon Saad,CHI,L,46,10,17,27,+17,12,0,1,2,0,98,10.2,16:27,22.2
117,Jiri Hudler,CGY,C,42,10,17,27,-13,22,5,0,0,0,56,17.9,17:09,22.3
118,Alex Galchenyuk,MTL,C,48,9,18,27,+14,20,0,0,2,0,79,11.4,12:19,17.5
119,Brian Campbell,FLA,D,48,8,19,27,-22,12,6,0,2,0,70,11.4,26:25,28.5
120,Justin Schultz,EDM,D,48,8,19,27,-17,8,4,0,3,0,85,9.4,21:26,26.0
121,Saku Koivu,ANA,C,47,8,19,27,+4,18,4,0,0,0,55,14.5,17:36,23.9
122,Alexander Steen,STL,L,40,8,19,27,+5,14,3,0,3,1,129,6.2,18:59,28.4
123,Milan Lucic,BOS,L,46,7,20,27,+8,75,0,0,0,0,79,8.9,16:54,19.8
124,Matt Cullen,MIN,C,42,7,20,27,+9,10,0,0,0,0,79,8.9,15:53,23.1
125,Mark Streit,NYI,D,48,6,21,27,-14,22,3,0,1,0,83,7.2,23:20,25.3
126,Duncan Keith,CHI,D,47,3,24,27,+16,31,2,0,0,0,91,3.3,24:06,28.8
127,Sergei Gonchar,OTT,D,45,3,24,27,+4,26,2,0,3,1,85,3.5,23:59,28.8
128,Alex Goligoski,DAL,D,47,3,24,27,+4,18,0,0,0,0,80,3.8,22:23,27.1
129,Curtis Glencross,CGY,L,40,15,11,26,-8,18,3,1,3,0,92,16.3,18:14,24.6
130,Brian Gionta,MTL,R,48,14,12,26,+3,8,5,0,3,0,112,12.5,18:07,23.3
131,Mike Green,WSH,D,35,12,14,26,-3,20,4,0,2,1,96,12.5,24:51,24.9
132,Damien Brunner,DET,C,44,12,14,26,-6,12,3,0,1,0,123,9.8,15:35,19.6
133,Daniel Alfredsson,OTT,R,47,10,16,26,+1,33,3,0,2,0,101,9.9,19:20,25.0
134,Brayden Schenn,PHI,C,47,8,18,26,-8,24,2,0,0,0,79,10.1,15:31,19.7
135,Mikkel Boedker,PHX,L,48,7,19,26,+0,12,3,0,2,0,83,8.4,18:28,23.1
136,Patrik Berglund,STL,C,48,17,8,25,-2,12,5,2,3,1,74,23.0,16:49,25.3
137,David Legwand,NSH,C,48,12,13,25,-6,20,2,0,2,0,78,15.4,18:25,25.1
138,Brenden Morrow,"DAL, PIT",L,44,12,13,25,-3,37,2,0,2,0,55,21.8,14:51,18.8
139,David Perron,STL,L,48,10,15,25,+0,44,2,0,2,0,84,11.9,18:00,26.6
140,Slava Voynov,LAK,D,48,6,19,25,+5,14,1,0,2,0,79,7.6,22:18,29.2
141,David Clarkson,NJD,R,48,15,9,24,-6,78,6,0,5,0,180,8.3,17:35,22.6
142,Alexandre Burrows,VAN,R,47,13,11,24,+15,54,1,0,2,0,140,9.3,18:54,25.8
143,Jeff Skinner,CAR,L,42,13,11,24,-21,26,5,0,0,0,159,8.2,18:27,23.0
144,Teemu Selanne,ANA,R,46,12,12,24,-10,28,3,0,1,0,96,12.5,15:41,18.9
145,Matt Read,PHI,R,42,11,13,24,+1,2,1,0,2,0,72,15.3,18:01,22.0
146,Carl Hagelin,NYR,L,48,10,14,24,+10,18,1,0,1,0,132,7.6,17:18,21.8
147,Steve Ott,BUF,C,48,9,15,24,+3,93,2,0,3,1,73,12.3,18:33,22.8
148,Paul Stastny,COL,C,40,9,15,24,-7,14,2,0,1,0,87,10.3,19:21,25.5
149,Cody Eakin,DAL,C,48,7,17,24,+1,31,3,0,1,0,67,10.4,15:05,20.1
150,Francois Beauchemin,ANA,D,48,6,18,24,+19,22,1,0,0,0,74,8.1,23:27,25.8
151,Alex Pietrangelo,STL,D,47,5,19,24,+0,10,2,0,0,0,93,5.4,25:06,32.4
152,Martin Erat,"NSH, WSH",R,45,5,19,24,-7,30,1,0,2,0,69,7.2,17:55,23.7
153,Dan Hamhuis,VAN,D,47,4,20,24,+9,12,0,1,0,0,61,6.6,23:23,27.7
154,Kyle Okposo,NYI,R,48,4,20,24,-2,38,0,0,0,0,101,4.0,16:57,20.4
155,Ryan Nugent-Hopkins,EDM,C,40,4,20,24,+3,8,2,0,0,0,78,5.1,18:51,23.0
156,Oliver Ekman-Larsson,PHX,D,48,3,21,24,+5,26,0,0,1,0,101,3.0,25:05,28.7
157,Andrew Cogliano,ANA,C,48,13,10,23,+14,6,0,2,1,0,79,16.5,15:22,21.6
158,Martin Hanzal,PHX,C,39,11,12,23,+2,24,4,0,2,0,93,11.8,18:32,23.4
159,Viktor Stalberg,CHI,R,47,9,14,23,+16,25,0,0,1,0,113,8.0,14:07,18.5
160,Bryan Bickell,CHI,L,48,9,14,23,+12,25,0,0,2,0,82,11.0,12:48,16.9
161,Nikolai Kulemin,TOR,L,48,7,16,23,-5,22,0,0,0,0,72,9.7,16:44,24.7
162,Paul Martin,PIT,D,34,6,17,23,+14,16,2,0,1,0,38,15.8,25:19,26.9
163,Kevin Shattenkirk,STL,D,48,5,18,23,+2,20,2,0,0,0,84,6.0,21:18,28.1
164,Matt Stajan,CGY,C,43,5,18,23,+7,26,0,0,1,0,44,11.4,17:09,24.4
165,Nathan Horton,BOS,R,43,13,9,22,+1,22,0,0,1,0,114,11.4,16:51,20.3
166,Jussi Jokinen,"CAR, PIT",L,43,13,9,22,-5,24,3,0,3,0,74,17.6,15:25,22.0
167,Jamie McGinn,COL,L,47,11,11,22,-13,26,3,0,2,0,128,8.6,17:17,22.7
168,Mason Raymond,VAN,L,46,10,12,22,+2,16,4,0,1,0,79,12.7,15:49,21.6
169,Alexander Edler,VAN,D,45,8,14,22,-5,37,5,0,0,0,113,7.1,23:50,28.1
170,Jay Bouwmeester,"CGY, STL",D,47,7,15,22,-6,22,1,0,0,0,79,8.9,24:38,30.3
171,Drew Doughty,LAK,D,48,6,16,22,+4,36,3,0,0,0,114,5.3,26:23,32.2
172,Dennis Wideman,CGY,D,46,6,16,22,-9,12,4,0,1,0,94,6.4,25:01,29.6
173,John Carlson,WSH,D,48,6,16,22,+11,18,0,0,0,0,97,6.2,23:01,25.9
174,Marcus Johansson,WSH,C,34,6,16,22,+3,4,3,0,1,0,40,15.0,16:35,20.7
175,Christian Ehrhoff,BUF,D,47,5,17,22,+6,34,1,0,2,0,102,4.9,25:11,28.1
176,Matthew Carle,TBL,D,48,5,17,22,+1,4,2,0,0,0,66,7.6,23:44,28.9
177,Fedor Tyutin,CBJ,D,48,4,18,22,+9,28,0,0,1,1,56,7.1,24:05,27.1
178,Michael Grabner,NYI,R,45,16,5,21,+4,12,2,1,3,0,108,14.8,14:47,20.5
179,Shawn Matthias,FLA,C,48,14,7,21,-8,16,2,1,1,0,106,13.2,15:11,21.0
180,Antoine Vermette,PHX,C,48,13,8,21,-3,36,3,0,3,0,91,14.3,18:14,24.3
181,Dany Heatley,MIN,L,36,11,10,21,-12,8,3,0,1,0,83,13.3,18:32,23.5
182,Mike Fisher,NSH,C,38,10,11,21,+6,27,1,0,0,0,68,14.7,19:27,25.7
183,Kyle Palmieri,ANA,R,42,10,11,21,+2,9,2,0,5,0,92,10.9,12:19,16.0
184,Matt Cooke,PIT,L,48,8,13,21,-2,36,0,0,1,0,61,13.1,14:42,19.1
185,Andy McDonald,STL,L,37,7,14,21,-2,16,1,0,2,0,86,8.1,17:15,25.4
186,Michael Del Zotto,NYR,D,46,3,18,21,+6,18,0,1,0,0,81,3.7,23:10,26.7
187,John Mitchell,COL,C,47,10,10,20,+5,18,1,0,1,0,72,13.9,16:44,22.1
188,Ales Hemsky,EDM,R,38,9,11,20,-6,16,5,0,1,0,82,11.0,15:42,21.5
189,Brent Burns,SJS,D,30,9,11,20,+0,20,2,0,0,0,81,11.1,16:16,21.4
190,Brent Seabrook,CHI,D,47,8,12,20,+12,23,3,0,1,1,65,12.3,21:59,28.0
191,Pierre-Marc Bouchard,MIN,C,43,8,12,20,+3,8,0,0,2,0,71,11.3,13:56,20.0
192,Clarke MacArthur,TOR,L,40,8,12,20,+3,26,2,0,1,0,62,12.9,14:54,19.7
193,Joel Ward,WSH,R,39,8,12,20,+7,12,1,1,1,0,52,15.4,15:07,19.8
194,Benoit Pouliot,TBL,L,34,8,12,20,+8,15,0,0,1,1,60,13.3,13:14,18.2
195,Dan Boyle,SJS,D,46,7,13,20,+3,27,5,0,0,0,97,7.2,22:47,26.0
196,Travis Zajac,NJD,C,48,7,13,20,-5,22,1,1,1,0,82,8.5,19:31,25.9
197,T.J. Oshie,STL,R,30,7,13,20,-5,15,2,1,1,0,65,10.8,19:05,27.8
198,Mika Zibanejad,OTT,C,42,7,13,20,+9,6,3,0,0,0,90,7.8,13:33,19.3
199,Ryan O'Reilly,COL,C,29,6,14,20,-3,4,3,0,0,0,66,9.1,18:30,23.4
200,Patrick Sharp,CHI,L,28,6,14,20,+8,14,1,0,1,0,88,6.8,18:49,22.8
201,David Moss,PHX,R,45,5,15,20,+3,21,1,1,0,0,82,6.1,15:33,22.0
202,Victor Hedman,TBL,D,44,4,16,20,+1,31,0,0,0,0,76,5.3,22:39,29.6
203,Brandon Dubinsky,CBJ,C,29,2,18,20,+2,76,1,0,0,0,50,4.0,18:24,23.8
204,Brandon Sutter,PIT,C,48,11,8,19,+3,4,3,0,5,1,82,13.4,16:24,20.9
205,Josh Bailey,NYI,C,38,11,8,19,+7,6,0,0,1,0,76,14.5,16:22,20.9
206,Jakob Silfverberg,OTT,R,48,10,9,19,+9,12,2,1,2,0,134,7.5,16:13,22.1
207,Marcel Goc,FLA,C,42,9,10,19,-6,8,4,0,1,0,92,9.8,18:16,25.0
208,Vladimir Sobotka,STL,L,48,8,11,19,-4,35,1,0,2,1,69,11.6,15:27,24.2
209,Colin Greening,OTT,L,47,8,11,19,+5,11,2,0,2,0,80,10.0,14:43,20.7
210,Vladimir Tarasenko,STL,R,38,8,11,19,+1,10,3,0,1,0,75,10.7,13:24,20.5
211,Zdeno Chara,BOS,D,48,7,12,19,+14,70,3,0,2,0,119,5.9,24:56,28.9
212,Alex Killorn,TBL,C,38,7,12,19,-6,14,1,0,2,0,82,8.5,16:49,20.8
213,Colin Wilson,NSH,C,25,7,12,19,+1,4,2,0,1,1,26,26.9,16:34,21.6
214,Daniel Winnik,ANA,C,48,6,13,19,+13,16,0,0,1,0,95,6.3,16:49,22.1
215,Nick Foligno,CBJ,L,45,6,13,19,+6,28,1,0,2,1,69,8.7,16:31,21.0
216,Jack Johnson,CBJ,D,44,5,14,19,-5,12,3,0,1,0,96,5.2,25:58,26.7
217,Patrick Wiercioch,OTT,D,42,5,14,19,+9,39,3,0,0,0,81,6.2,15:41,21.0
218,Ryan McDonagh,NYR,D,47,4,15,19,+13,22,0,0,1,0,83,4.8,24:21,28.7
219,Marek Zidlicky,NJD,D,48,4,15,19,-12,38,1,0,0,0,101,4.0,20:59,26.0
220,Ryane Clowe,"SJS, NYR",L,40,3,16,19,+1,93,1,0,0,0,87,3.4,16:37,21.4
221,Artem Anisimov,CBJ,C,35,11,7,18,-6,12,1,0,3,1,68,16.2,16:24,22.4
222,Joffrey Lupul,TOR,L,16,11,7,18,+8,12,3,0,3,0,42,26.2,16:07,21.4
223,Cam Atkinson,CBJ,R,35,9,9,18,+9,4,1,0,1,0,91,9.9,15:35,21.1
224,RJ Umberger,CBJ,L,48,8,10,18,+3,16,2,0,0,0,96,8.3,18:29,23.9
225,Martin Havlat,SJS,R,40,8,10,18,+7,30,1,0,1,0,89,9.0,15:50,22.0
226,Jarret Stoll,LAK,C,48,7,11,18,+1,28,1,1,3,0,73,9.6,16:31,23.8
227,Raffi Torres,"PHX, SJS",L,39,7,11,18,+0,17,1,0,0,0,60,11.7,13:16,18.4
228,Nick Leddy,CHI,D,48,6,12,18,+15,10,2,0,2,1,65,9.2,17:25,21.6
229,Drew Stafford,BUF,R,46,6,12,18,-16,21,0,0,0,0,121,5.0,17:01,21.1
230,Rich Peverley,BOS,C,47,6,12,18,-9,16,2,0,0,0,95,6.3,15:15,20.6
231,Nik Antropov,WPG,C,40,6,12,18,+6,16,2,0,0,0,56,10.7,15:57,19.7
232,Roman Josi,NSH,D,48,5,13,18,-7,8,1,0,1,1,96,5.2,23:31,27.5
233,Marcus Foligno,BUF,L,47,5,13,18,-4,41,1,0,0,0,55,9.1,13:37,16.8
234,Daniel Paille,BOS,L,46,10,7,17,+3,8,0,2,1,0,70,14.3,12:40,17.2
235,Valtteri Filppula,DET,C,41,9,8,17,-4,6,3,0,0,0,78,11.5,17:46,22.4
236,Gabriel Landeskog,COL,L,36,9,8,17,-4,22,0,3,1,0,109,8.3,19:19,24.8
237,Eric Fehr,WSH,R,41,9,8,17,+14,10,2,1,2,2,72,12.5,13:22,17.1
238,Roman Cervenka,CGY,C,39,9,8,17,-13,14,1,0,0,0,51,17.6,13:08,17.9
239,Jay McClement,TOR,C,48,8,9,17,+0,11,0,0,0,0,48,16.7,15:14,21.4
240,Peter Mueller,FLA,C,43,8,9,17,-11,18,2,0,0,0,131,6.1,16:15,21.1
241,Sheldon Souray,ANA,D,44,7,10,17,+19,52,2,0,3,0,80,8.8,20:55,24.9
242,Steve Sullivan,"PHX, NJD",L,42,7,10,17,-12,24,4,0,1,0,61,11.5,14:33,19.7
243,Colin McDonald,NYI,R,45,7,10,17,-1,32,1,0,0,0,82,8.5,11:22,16.0
244,Joe Corvo,CAR,D,40,6,11,17,-3,14,3,0,2,0,71,8.5,18:45,24.7
245,Mathieu Perreault,WSH,C,39,6,11,17,+7,20,2,0,1,0,47,12.8,11:40,15.3
246,Dennis Seidenberg,BOS,D,46,4,13,17,+18,10,0,0,2,0,83,4.8,23:47,27.4
247,Vernon Fiddler,DAL,C,46,4,13,17,+3,48,1,0,0,0,56,7.1,12:51,19.2
248,Sami Salo,TBL,D,46,2,15,17,+5,16,1,0,0,0,48,4.2,20:59,28.6
249,Adam Henrique,NJD,C,42,11,5,16,-3,16,3,2,2,0,78,14.1,18:19,24.6
250,Gabriel Bourque,NSH,L,34,11,5,16,+6,4,3,1,2,0,50,22.0,15:49,22.5
251,Mikhail Grabovski,TOR,C,48,9,7,16,-10,24,0,0,1,0,80,11.3,15:34,20.6
252,Matt Calvert,CBJ,L,42,9,7,16,-9,32,0,1,2,1,63,14.3,14:10,20.2
253,Magnus Paajarvi,EDM,L,42,9,7,16,-1,14,2,1,2,0,75,12.0,14:07,18.8
254,Jason Garrison,VAN,D,47,8,8,16,+18,28,3,0,2,0,94,8.5,21:41,27.9
255,Patrick Dwyer,CAR,R,46,8,8,16,-7,12,1,1,0,0,93,8.6,15:25,22.0
256,Tom Pyatt,TBL,C,43,8,8,16,+5,12,0,0,1,0,60,13.3,13:34,18.2
257,Mikael Backlund,CGY,C,32,8,8,16,-6,29,2,0,1,0,88,9.1,15:07,20.7
258,Jake Muzzin,LAK,D,45,7,9,16,+16,35,3,0,1,0,77,9.1,17:53,24.1
259,Daniel Bri√®re,PHI,C,34,6,10,16,-13,10,3,0,1,1,87,6.9,16:03,19.8
260,Dougie Hamilton,BOS,D,42,5,11,16,+4,14,2,0,0,0,83,6.0,17:07,21.5
261,Simon Gagne,"LAK, PHI",L,38,5,11,16,-1,8,2,0,0,0,76,6.6,14:08,18.6
262,Andy Greene,NJD,D,48,4,12,16,+12,20,2,1,1,0,63,6.3,23:02,29.4
263,Grant Clitsome,WPG,D,44,4,12,16,+10,18,2,0,0,0,56,7.1,18:50,22.6
264,Chris Higgins,VAN,L,41,10,5,15,-4,10,0,0,1,0,77,13.0,16:24,23.0
265,Daniel Cleary,DET,R,48,9,6,15,-6,40,5,1,0,0,93,9.7,16:26,22.0
266,Andrew Shaw,CHI,C,48,9,6,15,+6,38,2,0,2,0,64,14.1,15:03,18.1
267,Steve Bernier,NJD,R,47,8,7,15,-7,17,2,0,1,0,88,9.1,13:45,19.6
268,Nate Thompson,TBL,C,45,7,8,15,-2,17,0,0,0,0,58,12.1,14:20,21.1
269,Ryan Carter,NJD,L,44,6,9,15,-2,31,0,1,1,0,63,9.5,13:03,18.9
270,Kyle Wellwood,WPG,C,39,6,9,15,+0,2,0,0,2,0,37,16.2,12:58,15.7
271,Casey Cizikas,NYI,C,45,6,9,15,+0,14,0,0,1,0,45,13.3,10:47,15.4
272,Justin Faulk,CAR,D,38,5,10,15,+1,15,1,1,0,0,76,6.6,24:00,29.8
273,Jared Spurgeon,MIN,D,39,5,10,15,+1,4,4,0,2,0,67,7.5,21:32,27.9
274,Mark Giordano,CGY,D,47,4,11,15,-7,40,1,1,1,1,58,6.9,23:09,30.3
275,Sean Couturier,PHI,C,46,4,11,15,-8,10,0,0,0,0,75,5.3,15:53,20.4
276,Zack Smith,OTT,C,48,4,11,15,-9,56,0,0,0,0,94,4.3,15:08,21.3
277,Tobias Enstrom,WPG,D,22,4,11,15,-8,8,1,0,2,0,21,19.0,22:31,26.2
278,Sergei Kostitsyn,NSH,L,46,3,12,15,-5,11,1,0,0,0,42,7.1,16:43,24.3
279,Scott Gomez,SJS,C,39,2,13,15,-10,22,0,0,0,0,58,3.4,13:32,19.3
280,Carl Gunnarsson,TOR,D,37,1,14,15,+5,14,0,0,0,0,28,3.6,21:16,30.3
281,Charlie Coyle,MIN,R,37,8,6,14,+3,28,1,0,2,0,50,16.0,15:03,20.6
282,Olli Jokinen,WPG,C,45,7,7,14,-19,14,0,0,0,0,85,8.2,17:07,20.8
283,Dave Bolland,CHI,C,35,7,7,14,-7,22,1,0,1,0,46,15.2,16:20,21.5
284,Kyle Clifford,LAK,L,48,7,7,14,+1,51,0,0,1,0,56,12.5,10:36,15.6
285,Antoine Roussel,DAL,L,39,7,7,14,+3,85,0,0,0,0,46,15.2,9:23,14.4
286,Erik Karlsson,OTT,D,17,6,8,14,+8,8,2,1,2,0,79,7.6,27:09,28.5
287,Chris Phillips,OTT,D,48,5,9,14,-5,43,1,0,0,0,89,5.6,21:02,27.6
288,Zach Bogosian,WPG,D,33,5,9,14,-5,29,0,0,0,0,85,5.9,23:07,26.3
289,Trevor Lewis,LAK,C,48,5,9,14,+5,19,0,1,2,0,92,5.4,15:12,21.0
290,James Wisniewski,CBJ,D,30,5,9,14,-1,15,4,0,0,0,62,8.1,22:49,25.1
291,Jochen Hecht,BUF,C,47,5,9,14,+6,18,0,1,1,0,69,7.2,13:41,18.0
292,Brandon Prust,MTL,L,38,5,9,14,+11,110,0,0,1,0,39,12.8,13:38,19.4
293,TJ Galiardi,SJS,L,36,5,9,14,+1,14,1,0,0,0,68,7.4,13:52,20.2
294,Kyle Chipchura,PHX,C,46,5,9,14,+1,50,0,0,0,0,37,13.5,9:41,13.4
295,Matt Niskanen,PIT,D,40,4,10,14,+4,12,0,0,2,0,67,6.0,20:21,22.8
296,Boyd Gordon,PHX,C,48,4,10,14,+0,8,0,0,0,0,59,6.8,15:00,21.9
297,Stephen Gionta,NJD,C,48,4,10,14,+2,14,0,0,0,0,58,6.9,13:01,20.1
298,Milan Michalek,OTT,L,23,4,10,14,+8,17,0,0,0,0,58,6.9,18:11,23.8
299,Patric Hornqvist,NSH,R,24,4,10,14,-1,14,4,0,1,0,87,4.6,16:13,21.5
300,Kevin Klein,NSH,D,47,3,11,14,-1,9,0,0,0,0,54,5.6,20:25,25.5
301,Lubomir Visnovsky,NYI,D,35,3,11,14,+12,20,1,0,0,0,69,4.3,22:48,26.0
302,Jason Chimera,WSH,L,47,3,11,14,-5,48,0,0,0,0,92,3.3,12:40,16.7
303,Beau Bennett,PIT,R,26,3,11,14,+7,6,1,0,2,0,30,10.0,12:18,15.8
304,Dan Girardi,NYR,D,46,2,12,14,-1,16,0,0,1,1,81,2.5,25:24,29.1
305,TJ Brodie,CGY,D,47,2,12,14,-9,8,0,0,0,0,44,4.5,20:13,26.0
306,Dustin Penner,LAK,L,33,2,12,14,-2,18,0,0,0,0,61,3.3,12:41,17.8
307,Raphael Diaz,MTL,D,23,1,13,14,+4,6,0,0,0,0,34,2.9,20:33,27.0
308,Justin Abdelkader,DET,L,48,10,3,13,+6,34,0,0,0,0,96,10.4,14:48,19.8
309,Erik Cole,"MTL, DAL",L,47,9,4,13,-6,20,1,0,2,0,86,10.5,16:23,21.6
310,Nick Spaling,NSH,L,47,9,4,13,-10,18,1,0,2,0,57,15.8,15:51,23.2
311,Matt Beleskey,ANA,L,42,8,5,13,+2,56,2,0,1,0,61,13.1,12:00,15.9
312,Jaden Schwartz,STL,L,45,7,6,13,-4,4,0,0,1,0,50,14.0,12:28,18.8
313,Rene Bourque,MTL,R,27,7,6,13,-1,32,2,0,1,1,63,11.1,16:19,21.0
314,Matt Frattin,TOR,R,25,7,6,13,+6,4,0,0,3,1,42,16.7,13:13,18.3
315,Tommy Wingels,SJS,C,42,5,8,13,-9,26,0,1,0,0,69,7.2,14:14,21.1
316,Nick Bonino,ANA,C,27,5,8,13,-3,8,1,0,0,0,37,13.5,15:53,20.7
317,Trevor Daley,DAL,D,44,4,9,13,+1,14,2,0,0,0,58,6.9,21:24,28.6
318,Andrew Ference,BOS,D,48,4,9,13,+9,35,0,0,0,0,66,6.1,19:29,25.0
319,Jakub Kindl,DET,D,41,4,9,13,+15,28,1,0,2,0,76,5.3,18:33,23.7
320,Marcus Kruger,CHI,C,47,4,9,13,+3,24,0,0,2,0,50,8.0,14:09,21.7
321,Gregory Campbell,BOS,C,48,4,9,13,+2,41,0,1,0,0,52,7.7,13:42,18.5
322,Ryan Whitney,EDM,D,34,4,9,13,-7,23,0,0,0,0,30,13.3,18:28,23.9
323,Ruslan Fedotenko,PHI,L,47,4,9,13,+8,12,0,0,1,1,43,9.3,12:34,17.3
324,Ryan Kesler,VAN,C,17,4,9,13,-5,12,2,0,1,0,36,11.1,18:57,24.1
325,Jonathan Ericsson,DET,D,45,3,10,13,+6,29,0,0,1,0,34,8.8,21:19,28.5
326,Tom Gilbert,MIN,D,43,3,10,13,-11,18,1,0,0,0,36,8.3,19:19,26.4
327,Drew Shore,FLA,C,43,3,10,13,-10,14,1,1,1,0,96,3.1,15:48,20.3
328,Ryan Smyth,EDM,L,47,2,11,13,-5,40,0,1,0,0,69,2.9,15:22,22.0
329,Tyson Barrie,COL,D,32,2,11,13,-11,10,1,0,1,1,58,3.4,21:34,27.6
330,Stephane Robidas,DAL,D,48,1,12,13,+2,56,0,0,0,0,46,2.2,22:14,28.6
331,Ron Hainsey,WPG,D,47,0,13,13,-8,10,0,0,0,0,52,0.0,22:51,26.1
332,Kyle Brodziak,MIN,C,48,8,4,12,-18,20,1,1,1,0,88,9.1,17:21,24.4
333,Cody McLeod,COL,L,48,8,4,12,+4,83,0,0,0,0,79,10.1,13:05,18.2
334,Andrei Loktionov,NJD,C,28,8,4,12,-2,4,1,0,0,0,47,17.0,14:15,18.9
335,Shawn Horcoff,EDM,C,31,7,5,12,+8,24,3,0,1,0,41,17.1,16:51,23.6
336,Kevin Bieksa,VAN,D,36,6,6,12,+6,48,2,0,1,0,77,7.8,21:56,26.1
337,Matt Irwin,SJS,D,38,6,6,12,-1,10,4,0,0,0,79,7.6,19:06,24.2
338,Keith Aucoin,NYI,C,41,6,6,12,-1,4,1,0,1,0,50,12.0,12:29,16.7
339,Blake Comeau,"CGY, CBJ",L,42,6,6,12,-4,20,0,1,1,0,48,12.5,12:09,17.5
340,Ryan Johansen,CBJ,C,40,5,7,12,-7,12,0,0,2,0,84,6.0,16:05,21.1
341,Eric Brewer,TBL,D,48,4,8,12,+3,30,1,0,1,0,56,7.1,20:30,27.0
342,Chris Neil,OTT,R,48,4,8,12,+0,144,0,0,3,0,87,4.6,13:51,19.6
343,Erik Condra,OTT,R,48,4,8,12,+3,34,0,0,0,0,73,5.5,13:10,18.4
344,Craig Smith,NSH,C,44,4,8,12,-11,20,2,0,0,0,83,4.8,13:51,18.3
345,Andrew MacDonald,NYI,D,48,3,9,12,-2,20,1,0,1,0,45,6.7,23:31,27.2
346,Jeff Petry,EDM,D,48,3,9,12,+1,29,0,1,0,0,66,4.5,21:54,27.2
347,Johnny Oduya,CHI,D,48,3,9,12,+12,10,0,0,0,0,52,5.8,20:31,26.2
348,Barret Jackman,STL,D,46,3,9,12,+6,39,0,0,0,0,39,7.7,19:19,27.2
349,Alexei Emelin,MTL,D,38,3,9,12,+2,33,0,0,0,0,33,9.1,19:40,24.7
350,Jack Skille,FLA,R,40,3,9,12,-9,11,0,0,0,0,69,4.3,13:19,18.6
351,Andrej Sekera,BUF,D,37,2,10,12,-2,4,0,0,0,0,33,6.1,21:12,25.9
352,Rob Scuderi,LAK,D,48,1,11,12,-6,4,0,0,0,0,33,3.0,21:47,29.0
353,Michal Rozsival,CHI,D,27,0,12,12,+18,14,0,0,0,0,13,0.0,18:06,22.1
354,Scott Hartnell,PHI,L,32,8,3,11,-5,70,4,0,1,0,74,10.8,15:52,20.3
355,Eric Nystrom,DAL,L,48,7,4,11,-3,61,0,1,3,0,49,14.3,14:21,19.2
356,Zack Kassian,VAN,R,39,7,4,11,-7,51,2,0,1,0,49,14.3,13:28,18.3
357,Taylor Pyatt,NYR,L,48,6,5,11,+5,6,1,0,0,0,56,10.7,13:06,16.8
358,Lauri Korpikoski,PHX,L,36,6,5,11,-3,12,1,0,0,0,83,7.2,17:07,23.4
359,Tyler Kennedy,PIT,C,46,6,5,11,-6,19,1,0,1,1,100,6.0,12:27,15.9
360,Brian Flynn,BUF,C,26,6,5,11,+6,0,0,1,1,0,49,12.2,14:40,18.4
361,Matt Halischuk,NSH,R,36,5,6,11,+1,10,0,0,1,0,51,9.8,11:57,17.1
362,Rob Klinkhammer,PHX,C,22,5,6,11,+7,10,1,0,1,0,34,14.7,12:13,17.2
363,Matt Martin,NYI,L,48,4,7,11,-2,63,1,0,1,0,67,6.0,11:54,16.7
364,Milan Hejduk,COL,R,29,4,7,11,-7,0,2,0,0,0,41,9.8,13:08,17.4
365,Bobby Butler,"NJD, NSH",R,34,4,7,11,-8,4,1,0,0,0,41,9.8,10:48,15.4
366,Luke Schenn,PHI,D,47,3,8,11,+3,34,0,0,0,0,81,3.7,21:51,28.3
367,Marc Methot,OTT,D,47,2,9,11,+2,31,0,0,0,0,53,3.8,22:13,27.8
368,Jonas Brodin,MIN,D,45,2,9,11,+3,10,1,0,0,0,51,3.9,23:12,29.8
369,John-Michael Liles,TOR,D,32,2,9,11,-1,4,0,0,0,0,47,4.3,18:46,26.6
370,Marc Staal,NYR,D,21,2,9,11,+4,14,1,0,0,0,20,10.0,24:27,29.0
371,Cam Fowler,ANA,D,37,1,10,11,-4,4,1,0,0,0,50,2.0,20:26,22.4
372,Derek Morris,PHX,D,39,0,11,11,-6,36,0,0,0,0,68,0.0,21:23,28.4
373,Guillaume Latendresse,OTT,L,27,6,4,10,-2,8,1,0,0,0,53,11.3,14:48,19.3
374,Maxime Talbot,PHI,C,35,5,5,10,+2,23,0,1,0,0,41,12.2,15:25,19.4
375,Nathan Gerbe,BUF,L,42,5,5,10,-3,14,0,1,0,0,64,7.8,12:30,15.8
376,Alexander Burmistrov,WPG,C,44,4,6,10,+0,14,0,0,0,0,55,7.3,15:38,19.1
377,Maxim Lapierre,VAN,C,48,4,6,10,-6,45,0,0,1,0,54,7.4,12:35,18.9
378,Dwight King,LAK,L,47,4,6,10,-3,11,0,0,0,0,60,6.7,12:45,17.3
379,Cal Clutterbuck,MIN,R,42,4,6,10,-5,27,0,0,1,0,87,4.6,13:44,21.1
380,Travis Hamonic,NYI,D,48,3,7,10,-8,28,1,0,1,0,83,3.6,22:48,27.2
381,Jay Harrison,CAR,D,47,3,7,10,-10,51,0,0,2,1,54,5.6,19:54,26.2
382,Dmitry Kulikov,FLA,D,34,3,7,10,-5,22,2,0,2,1,52,5.8,20:58,25.6
383,Michael Frolik,CHI,R,45,3,7,10,+5,8,0,0,1,0,98,3.1,12:31,18.1
384,Andre Benoit,OTT,D,33,3,7,10,-3,8,1,0,2,0,50,6.0,16:25,23.2
385,TJ Brennan,"BUF, FLA",D,29,3,7,10,-9,8,1,0,0,0,42,7.1,16:41,20.3
386,Emerson Etem,ANA,R,38,3,7,10,+7,9,0,0,0,0,48,6.3,11:27,15.7
387,Ryan Garbutt,DAL,C,36,3,7,10,+1,32,0,0,0,0,59,5.1,9:55,14.2
388,Sven Baertschi,CGY,L,20,3,7,10,+0,6,0,0,0,0,28,10.7,13:24,18.8
389,Niklas Hjalmarsson,CHI,D,46,2,8,10,+15,22,0,0,0,0,43,4.7,20:54,27.2
390,Jordan Leopold,"BUF, STL",D,39,2,8,10,-8,14,0,0,0,0,60,3.3,20:04,24.8
391,Filip Kuba,FLA,D,44,1,9,10,-18,24,0,0,0,0,50,2.0,21:13,27.4
392,Jan Hejda,COL,D,46,1,9,10,-3,28,0,0,1,0,50,2.0,19:41,26.3
393,Clayton Stoner,MIN,D,48,0,10,10,+0,42,0,0,0,0,40,0.0,18:12,25.6
394,Ben Lovejoy,"PIT, ANA",D,35,0,10,10,+4,29,0,0,0,0,58,0.0,17:49,22.6
395,Michael Stone,PHX,D,40,5,4,9,+2,16,1,0,0,0,50,10.0,16:41,21.7
396,Chuck Kobasew,COL,R,37,5,4,9,+6,21,0,0,1,0,43,11.6,11:16,17.5
397,Richard Panik,TBL,R,25,5,4,9,-2,4,1,0,1,0,34,14.7,11:19,14.9
398,Leo Komarov,TOR,C,42,4,5,9,-1,18,0,0,3,0,51,7.8,13:56,20.1
399,Alexei Ponikarovsky,"WPG, NJD",L,42,4,5,9,-1,14,0,0,1,0,51,7.8,13:09,18.1
400,Paul Postma,WPG,D,34,4,5,9,-5,6,2,0,0,0,32,12.5,15:01,19.4
401,Kevin Porter,BUF,C,31,4,5,9,-1,10,0,1,0,0,37,10.8,15:13,18.6
402,Rich Clune,NSH,L,47,4,5,9,+3,113,0,0,1,0,46,8.7,9:24,14.3
403,Riley Nash,CAR,C,32,4,5,9,-4,8,0,0,0,0,36,11.1,12:48,18.5
404,Wojtek Wolski,WSH,L,27,4,5,9,+1,6,0,0,2,0,49,8.2,13:21,16.3
405,Tuomo Ruutu,CAR,C,17,4,5,9,-6,8,0,0,0,0,30,13.3,15:14,20.5
406,Nikita Nikitin,CBJ,D,38,3,6,9,+2,17,1,0,0,0,60,5.0,21:11,24.7
407,David Jones,COL,R,33,3,6,9,-11,6,1,0,2,1,62,4.8,16:49,23.0
408,Craig Adams,PIT,R,48,3,6,9,-1,28,0,1,0,0,46,6.5,11:09,15.0
409,Chris Kelly,BOS,C,34,3,6,9,-8,16,1,0,0,0,40,7.5,14:58,21.4
410,Jordan Schroeder,VAN,C,31,3,6,9,+0,4,1,0,2,0,28,10.7,13:42,18.9
411,Jack Hillen,WSH,D,23,3,6,9,+9,14,0,0,1,0,28,10.7,17:36,20.3
412,Reilly Smith,DAL,R,37,3,6,9,+0,8,0,0,0,0,34,8.8,10:55,15.5
413,Lennart Petrell,EDM,L,35,3,6,9,-4,4,0,1,0,0,23,13.0,11:31,16.6
414,Derek Dorsett,CBJ,R,24,3,6,9,-11,53,0,0,0,0,38,7.9,15:59,21.9
415,Josh Gorges,MTL,D,48,2,7,9,+4,15,0,0,0,0,40,5.0,21:23,27.8
416,Dainius Zubrus,NJD,R,22,2,7,9,-3,12,0,0,0,0,22,9.1,16:47,22.9
417,Aaron Palushaj,COL,R,25,2,7,9,-2,8,0,0,0,0,29,6.9,11:18,16.6
418,Nick Schultz,EDM,D,48,1,8,9,-13,24,0,0,0,0,33,3.0,18:37,25.5
419,Francis Bouillon,MTL,D,48,1,8,9,+4,21,0,0,0,0,46,2.2,18:04,23.1
420,Mike Weaver,FLA,D,27,1,8,9,-3,8,0,0,0,0,21,4.8,20:08,25.6
421,Joni Pitkanen,CAR,D,22,1,8,9,+2,12,0,0,0,0,34,2.9,22:49,29.0
422,Steve Oleksy,WSH,D,28,1,8,9,+9,33,0,0,0,0,25,4.0,17:16,20.0
423,Marc-Andre Bergeron,"TBL, CAR",D,25,1,8,9,-4,9,0,0,0,0,43,2.3,13:45,18.1
424,Tim Gleason,CAR,D,42,0,9,9,-3,40,0,0,0,0,36,0.0,19:34,27.0
425,Ryan Malone,TBL,L,24,6,2,8,-3,22,2,0,1,0,37,16.2,15:44,20.8
426,Matt Hendricks,WSH,C,48,5,3,8,-6,73,0,0,1,0,54,9.3,11:43,16.3
427,Cory Emmerton,DET,C,48,5,3,8,-1,4,0,0,0,0,55,9.1,10:48,16.0
428,Drew Miller,DET,L,44,4,4,8,-8,2,1,0,2,0,54,7.4,13:49,19.0
429,Torrey Mitchell,MIN,C,45,4,4,8,-8,21,0,0,1,0,39,10.3,10:29,16.5
430,Matthew Lombardi,"PHX, ANA",C,28,4,4,8,-2,8,1,0,1,0,44,9.1,13:57,17.9
431,Mike Knuble,PHI,R,28,4,4,8,-4,20,1,0,1,0,31,12.9,12:55,16.3
432,Steve Begin,CGY,L,36,4,4,8,-2,22,0,1,2,0,31,12.9,7:59,13.3
433,Brenden Dillon,DAL,D,48,3,5,8,+1,65,0,0,1,0,75,4.0,21:22,26.7
434,Tyler Myers,BUF,D,39,3,5,8,-8,32,1,0,2,0,48,6.3,21:18,26.6
435,Erik Gustafsson,PHI,D,27,3,5,8,-1,2,0,0,1,0,36,8.3,20:08,25.3
436,Joakim Andersson,DET,C,38,3,5,8,+2,8,0,0,0,0,43,7.0,12:05,17.3
437,Derek MacKenzie,CBJ,C,43,3,5,8,+1,36,0,0,0,0,33,9.1,10:20,15.8
438,Brandon Yip,NSH,R,34,3,5,8,-3,26,0,0,0,0,35,8.6,12:02,17.0
439,Jordin Tootoo,DET,R,42,3,5,8,+0,78,0,0,1,0,45,6.7,9:04,12.9
440,Mats Zuccarello,NYR,L,15,3,5,8,+10,8,0,0,0,0,27,11.1,16:25,19.5
441,Rostislav Klesla,PHX,D,38,2,6,8,+0,22,0,0,0,0,44,4.5,17:37,24.3
442,Jay Beagle,WSH,R,48,2,6,8,-1,14,0,0,1,0,56,3.6,12:06,17.2
443,Michal Handzus,"SJS, CHI",C,39,2,6,8,-2,16,0,0,0,0,41,4.9,13:08,20.2
444,Patrick Eaves,DET,R,34,2,6,8,-1,4,0,0,1,0,42,4.8,10:34,15.1
445,Mikael Granlund,MIN,C,27,2,6,8,-4,6,0,0,0,0,36,5.6,13:10,18.1
446,Chris Porter,STL,L,29,2,6,8,+5,0,0,0,2,0,46,4.3,11:38,18.7
447,Luca Sbisa,ANA,D,41,1,7,8,+0,23,0,0,1,0,39,2.6,19:50,23.9
448,Chris Butler,CGY,D,44,1,7,8,-10,19,0,1,0,0,40,2.5,17:02,22.6
449,Jamie McBain,CAR,D,40,1,7,8,+0,12,0,0,0,0,46,2.2,18:25,24.7
450,B.J. Crombeen,TBL,R,44,1,7,8,+4,112,0,0,0,0,50,2.0,11:04,15.6
451,Brooks Orpik,PIT,D,46,0,8,8,+17,32,0,0,0,0,32,0.0,22:17,25.3
452,Michael Kostka,TOR,D,35,0,8,8,-7,27,0,0,0,0,49,0.0,22:04,28.7
453,Mark Fraser,TOR,D,45,0,8,8,+18,85,0,0,0,0,33,0.0,16:57,24.9
454,Brendan Smith,DET,D,34,0,8,8,+1,36,0,0,0,0,33,0.0,18:24,24.8
455,Alex Chiasson,DAL,R,7,6,1,7,+3,0,1,0,1,0,13,46.2,14:04,19.4
456,Anton Stralman,NYR,D,48,4,3,7,+14,16,0,0,0,0,66,6.1,18:02,23.0
457,Tomas Tatar,DET,C,18,4,3,7,+2,4,1,0,0,0,32,12.5,11:22,15.1
458,Marc-Edouard Vlasic,SJS,D,48,3,4,7,+5,29,0,0,0,0,59,5.1,20:49,26.0
459,Wade Redden,"STL, BOS",D,29,3,4,7,-2,11,0,0,0,0,28,10.7,15:04,22.4
460,Shawn Thornton,BOS,L,45,3,4,7,+1,60,0,0,0,0,55,5.5,8:06,11.6
461,Taylor Beck,NSH,L,16,3,4,7,+0,2,1,0,0,0,39,7.7,16:05,21.8
462,Christopher Tanev,VAN,D,38,2,5,7,+4,10,0,0,1,1,20,10.0,17:17,23.6
463,Keith Aulie,TBL,D,45,2,5,7,+1,60,0,0,0,0,37,5.4,12:49,19.1
464,Simon Despres,PIT,D,33,2,5,7,+9,20,0,0,0,0,33,6.1,15:06,19.8
465,Davis Drewiske,"LAK, MTL",D,29,2,5,7,+3,14,1,0,0,0,28,7.1,15:11,22.1
466,Ryan Jones,EDM,L,27,2,5,7,+0,17,0,0,0,0,38,5.3,12:58,18.3
467,Colin Fraser,LAK,C,34,2,5,7,-4,25,0,0,0,0,19,10.5,9:22,13.4
468,Roman Horak,CGY,C,20,2,5,7,-5,2,0,0,0,0,28,7.1,14:31,20.3
469,Mike Weber,BUF,D,42,1,6,7,+3,70,0,0,0,0,25,4.0,18:21,22.8
470,Kris Russell,STL,D,33,1,6,7,+6,9,1,0,0,0,41,2.4,16:02,23.2
471,Dalton Prout,CBJ,D,28,1,6,7,+15,25,0,0,0,0,16,6.3,18:31,22.7
472,Jonathon Blum,NSH,D,35,1,6,7,-1,6,0,0,0,0,26,3.8,14:17,17.9
473,Tomas Kundratek,WSH,D,25,1,6,7,-5,8,0,0,0,0,23,4.3,16:08,20.0
474,John Moore,"CBJ, NYR",D,30,1,6,7,+4,7,0,0,0,0,29,3.4,13:19,17.2
475,David Steckel,"TOR, ANA",C,34,1,6,7,+0,4,0,0,0,0,23,4.3,9:15,14.5
476,Justin Braun,SJS,D,41,0,7,7,-5,6,0,0,0,0,48,0.0,18:48,24.8
477,Victor Bartley,NSH,D,24,0,7,7,+2,6,0,0,0,0,19,0.0,19:32,24.0
478,Jim O'Brien,OTT,C,29,5,1,6,-2,8,1,0,0,0,38,13.2,11:25,16.8
479,Ryan Reaves,STL,R,43,4,2,6,+3,79,0,0,1,0,24,16.7,7:26,11.4
480,Mark Olver,COL,C,32,4,2,6,-5,6,0,0,0,0,33,12.1,9:02,13.4
481,Nick Johnson,PHX,R,17,4,2,6,+3,0,1,0,1,0,23,17.4,9:57,13.2
482,John Erskine,WSH,D,30,3,3,6,+10,34,0,0,0,0,32,9.4,18:27,21.9
483,Jerred Smithson,"FLA, EDM",C,45,3,3,6,-4,12,0,0,0,0,29,10.3,10:39,17.2
484,Dale Weise,VAN,R,40,3,3,6,-7,43,0,0,2,0,35,8.6,9:33,15.0
485,Matt D'Agostini,"STL, NJD",R,29,3,3,6,-5,8,0,0,0,0,33,9.1,12:18,18.1
486,Gustav Nyquist,DET,C,22,3,3,6,+0,6,0,0,0,0,46,6.5,13:02,17.5
487,Dustin Jeffrey,PIT,L,24,3,3,6,+1,2,0,0,0,0,26,11.5,11:30,15.3
488,Tyler Johnson,TBL,C,14,3,3,6,+3,4,0,0,0,0,11,27.3,13:04,18.9
489,Ryan O'Byrne,"COL, TOR",D,42,2,4,6,-4,60,0,0,0,0,26,7.7,18:31,26.0
490,Eric Gryba,OTT,D,33,2,4,6,-3,26,0,0,0,0,51,3.9,20:16,26.5
491,Bobby Sanguinetti,CAR,D,37,2,4,6,-6,4,0,0,1,0,48,4.2,14:45,20.3
492,Travis Moen,MTL,L,45,2,4,6,-4,32,0,0,0,0,32,6.3,11:39,17.8
493,Ryan Ellis,NSH,D,32,2,4,6,-2,15,2,0,0,0,48,4.2,16:22,20.4
494,Jordan Nolan,LAK,C,44,2,4,6,-5,46,0,0,0,0,23,8.7,8:28,12.7
495,Jared Boll,CBJ,R,43,2,4,6,+1,100,0,0,0,0,19,10.5,8:04,12.2
496,Adam Cracknell,STL,R,20,2,4,6,+3,4,0,0,0,0,21,9.5,8:36,13.5
497,Ville Leino,BUF,L,8,2,4,6,+0,6,1,0,0,0,11,18.2,15:48,17.4
498,Johnny Boychuk,BOS,D,44,1,5,6,+5,12,0,0,0,0,75,1.3,20:24,25.8
499,Roman Polak,STL,D,48,1,5,6,-2,48,0,0,1,0,39,2.6,18:25,25.6
500,Douglas Murray,"SJS, PIT",D,43,1,5,6,-9,35,0,0,0,0,27,3.7,17:35,23.7
501,Bruno Gervais,PHI,D,37,1,5,6,-17,10,0,0,0,0,49,2.0,17:07,23.4
502,Mark Fayne,NJD,D,31,1,5,6,+6,16,0,1,0,0,34,2.9,18:05,25.6
503,David Schlemko,PHX,D,30,1,5,6,+8,12,0,0,0,0,35,2.9,17:13,21.8
504,Jordie Benn,DAL,D,26,1,5,6,-4,10,1,0,0,0,31,3.2,17:18,24.3
505,Andrew Ebbett,VAN,C,28,1,5,6,-1,4,0,0,0,0,23,4.3,12:19,17.9
506,Brad Richardson,LAK,C,16,1,5,6,+2,10,0,0,0,0,27,3.7,10:53,15.5
507,Brad Stuart,SJS,D,48,0,6,6,+4,25,0,0,0,0,39,0.0,20:27,25.5
508,Matt Hunwick,COL,D,43,0,6,6,+4,16,0,0,0,0,57,0.0,21:31,29.0
509,Greg Zanon,COL,D,44,0,6,6,-16,28,0,0,0,0,40,0.0,19:19,26.8
510,Bryan Allen,ANA,D,41,0,6,6,+1,34,0,0,0,0,25,0.0,18:44,23.1
511,Toni Lydman,ANA,D,35,0,6,6,-1,12,0,0,0,0,28,0.0,19:23,23.6
512,Adam Larsson,NJD,D,37,0,6,6,+4,12,0,0,0,0,30,0.0,18:06,23.5
513,Deryk Engelland,PIT,D,42,0,6,6,+5,54,0,0,0,0,31,0.0,13:55,18.7
514,Mark Fistric,EDM,D,25,0,6,6,+6,32,0,0,0,0,9,0.0,15:20,20.6
515,Paul Bissonnette,PHX,L,28,0,6,6,+2,36,0,0,0,0,13,0.0,5:25,8.5
516,Scottie Upshall,FLA,L,27,4,1,5,-8,25,1,0,1,0,54,7.4,13:29,19.8
517,Jason Zucker,MIN,L,20,4,1,5,+4,8,0,0,0,0,34,11.8,11:15,15.6
518,Drayson Bowman,CAR,L,37,3,2,5,-7,17,0,0,0,0,68,4.4,11:42,17.4
519,Antti Miettinen,WPG,R,22,3,2,5,-3,2,0,0,2,0,26,11.5,12:38,16.9
520,Zac Rinaldo,PHI,C,32,3,2,5,-7,85,0,0,0,0,15,20.0,8:22,12.0
521,Peter Holland,ANA,C,21,3,2,5,+4,4,1,0,0,0,26,11.5,11:35,15.0
522,Tye McGinn,PHI,L,18,3,2,5,+0,19,0,0,1,0,33,9.1,12:43,15.7
523,Frazer McLaren,"SJS, TOR",L,36,3,2,5,+0,102,0,0,2,0,20,15.0,5:12,9.1
524,Brian Boyle,NYR,C,38,2,3,5,-13,29,0,0,1,0,56,3.6,14:12,19.5
525,Philip Larsen,DAL,D,32,2,3,5,-10,18,1,0,0,0,30,6.7,14:52,21.4
526,James Wright,WPG,C,38,2,3,5,-5,31,0,0,0,0,32,6.3,11:35,15.7
527,Colby Armstrong,MTL,R,37,2,3,5,+1,12,0,0,0,0,33,6.1,11:12,16.4
528,Peter Harrold,NJD,D,23,2,3,5,-8,6,1,0,0,0,36,5.6,17:37,23.9
529,Radko Gudas,TBL,D,22,2,3,5,+3,38,0,0,1,0,31,6.5,16:59,22.2
530,Paul Gaustad,NSH,C,23,2,3,5,-1,20,0,0,0,0,35,5.7,15:13,22.3
531,Joe Vitale,PIT,C,33,2,3,5,-7,17,0,0,1,0,26,7.7,9:31,12.5
532,Patrick Bordeleau,COL,L,46,2,3,5,-7,70,0,0,0,0,24,8.3,6:13,9.8
533,Alex Kovalev,FLA,R,14,2,3,5,-1,6,1,0,1,0,21,9.5,15:36,18.9
534,Chris Mueller,NSH,C,18,2,3,5,-4,6,0,0,1,0,22,9.1,10:42,17.3
535,David Ullstrom,NYI,L,20,2,3,5,-2,6,0,0,1,0,28,7.1,9:29,15.0
536,Tyler Toffoli,LAK,C,10,2,3,5,+3,2,1,0,0,0,20,10.0,11:58,17.8
537,Jason Spezza,OTT,C,5,2,3,5,+3,2,1,0,0,0,12,16.7,19:10,26.2
538,Karl Alzner,WSH,D,48,1,4,5,-6,14,0,0,0,0,39,2.6,20:57,24.6
539,Braydon Coburn,PHI,D,33,1,4,5,-10,41,0,0,0,0,38,2.6,22:36,29.3
540,Anton Volchenkov,NJD,D,37,1,4,5,-1,37,0,0,0,0,38,2.6,16:03,21.8
541,Brian Lashoff,DET,D,31,1,4,5,-10,15,0,0,0,0,26,3.8,17:47,25.3
542,Alec Martinez,LAK,D,27,1,4,5,-2,10,0,0,0,0,30,3.3,16:01,22.8
543,Tim Jackman,CGY,R,42,1,4,5,-9,76,0,0,0,0,42,2.4,7:35,11.8
544,Mark Pysyk,BUF,D,19,1,4,5,-7,0,1,0,0,0,21,4.8,16:16,20.6
545,Kurtis Foster,PHI,D,23,1,4,5,+0,25,1,0,0,0,21,4.8,13:05,20.3
546,Mikhail Grigorenko,BUF,C,25,1,4,5,-1,0,0,0,0,0,31,3.2,10:14,12.9
547,Tim Erixon,CBJ,D,31,0,5,5,+4,14,0,0,0,0,21,0.0,15:41,19.6
548,Aaron Rome,DAL,D,27,0,5,5,-2,18,0,0,0,0,15,0.0,15:20,22.4
549,Marty Reasoner,NYI,C,31,0,5,5,-3,4,0,0,0,0,34,0.0,11:13,16.4
550,Radek Dvorak,ANA,R,9,4,0,4,+2,2,0,0,1,0,17,23.5,13:08,17.0
551,Corey Potter,EDM,D,33,3,1,4,+8,6,0,0,0,0,36,8.3,17:27,23.4
552,Alexander Sulzer,BUF,D,17,3,1,4,+3,10,0,0,1,0,15,20.0,16:31,21.1
553,Mark Stuart,WPG,D,42,2,2,4,+5,53,0,0,0,0,40,5.0,16:42,21.7
554,Ian White,DET,D,25,2,2,4,+5,4,0,0,0,0,27,7.4,19:35,23.6
555,Chad LaRose,CAR,R,35,2,2,4,-8,29,0,0,0,0,65,3.1,12:50,18.1
556,Mike Santorelli,"FLA, WPG",C,34,2,2,4,-12,2,0,0,0,0,35,5.7,11:51,15.5
557,J.T. Miller,NYR,C,26,2,2,4,-7,8,1,0,0,0,43,4.7,13:31,16.8
558,Chris Thorburn,WPG,R,42,2,2,4,-5,70,0,0,0,0,13,15.4,6:19,9.5
559,Robert Bortuzzo,PIT,D,15,2,2,4,+3,27,0,0,0,0,10,20.0,13:17,19.5
560,Kevin Westgarth,CAR,R,31,2,2,4,+1,45,0,0,0,0,16,12.5,5:43,8.7
561,Kris Versteeg,FLA,R,10,2,2,4,-8,8,0,0,0,0,20,10.0,16:53,21.2
562,Ondrej Palat,TBL,L,14,2,2,4,+5,0,0,0,1,0,16,12.5,11:44,17.0
563,Tomas Vincour,"DAL, COL",C,17,2,2,4,-1,4,0,0,0,0,12,16.7,8:51,13.4
564,Jean-Gabriel Pageau,OTT,C,9,2,2,4,+3,0,0,0,2,0,14,14.3,11:29,17.1
565,Ladislav Smid,EDM,D,48,1,3,4,-1,55,0,0,0,0,30,3.3,20:19,26.5
566,Thomas Hickey,NYI,D,39,1,3,4,+9,8,0,0,1,1,40,2.5,16:51,21.5
567,Nicklas Grossmann,PHI,D,30,1,3,4,-1,21,0,0,0,0,21,4.8,18:19,26.2
568,Adam McQuaid,BOS,D,32,1,3,4,+0,60,0,0,0,0,26,3.8,14:17,19.8
569,Henrik Tallinder,NJD,D,25,1,3,4,+0,10,0,0,0,0,22,4.5,17:34,24.3
570,Eric Tangradi,"PIT, WPG",C,41,1,3,4,-2,22,0,0,0,0,48,2.1,10:05,13.0
571,James Sheppard,SJS,C,32,1,3,4,-9,12,0,0,1,0,40,2.5,11:44,17.2
572,Mike Rupp,"NYR, MIN",L,40,1,3,4,-2,79,0,0,0,0,29,3.4,8:21,12.6
573,Stefan Elliott,COL,D,18,1,3,4,-3,2,0,0,0,0,35,2.9,17:30,24.0
574,Stephen Weiss,FLA,C,17,1,3,4,-13,25,1,0,0,0,19,5.3,18:27,24.4
575,Colton Orr,TOR,R,44,1,3,4,+4,155,0,0,0,0,13,7.7,6:23,9.8
576,Kaspars Daugavins,"OTT, BOS",L,25,1,3,4,-8,9,0,0,0,0,36,2.8,11:00,16.4
577,Dana Tyrell,TBL,C,21,1,3,4,-3,4,0,0,0,0,19,5.3,10:21,15.2
578,Chris Bourque,BOS,L,18,1,3,4,-6,6,0,0,1,0,24,4.2,12:04,16.3
579,Zach Redmond,WPG,D,8,1,3,4,+0,12,0,1,0,0,13,7.7,19:34,23.5
580,Brooks Laich,WSH,C,9,1,3,4,+2,6,0,0,0,0,10,10.0,16:32,22.3
581,Jimmy Hayes,CHI,R,10,1,3,4,+0,0,0,0,0,0,13,7.7,14:19,19.1
582,Robyn Regehr,"BUF, LAK",D,41,0,4,4,-4,23,0,0,0,0,27,0.0,19:25,26.3
583,Tyson Strachan,FLA,D,38,0,4,4,-13,40,0,0,0,0,42,0.0,18:57,23.7
584,Erik Johnson,COL,D,31,0,4,4,-3,18,0,0,0,0,64,0.0,20:45,28.3
585,Erik Gudbranson,FLA,D,32,0,4,4,-22,47,0,0,0,0,49,0.0,18:44,24.6
586,Adrian Aucoin,CBJ,D,36,0,4,4,-8,16,0,0,0,0,26,0.0,16:20,20.2
587,Shane O'Brien,COL,D,28,0,4,4,+0,60,0,0,0,0,28,0.0,15:30,21.4
588,Adam Hall,"TBL, CAR, PHI",R,37,0,4,4,+0,23,0,0,0,0,34,0.0,10:31,16.2
589,Brian Strait,NYI,D,19,0,4,4,+4,10,0,0,0,0,13,0.0,17:09,22.7
590,Adam Pardy,BUF,D,17,0,4,4,+4,14,0,0,0,0,6,0.0,16:30,20.9
591,Jake Gardiner,TOR,D,12,0,4,4,+0,0,0,0,0,0,12,0.0,20:28,25.3
592,Radek Martinek,NYI,D,13,3,0,3,-2,4,0,0,1,0,12,25.0,16:08,18.9
593,Tom Sestito,"PHI, VAN",L,30,3,0,3,-2,65,0,0,1,0,14,21.4,6:25,9.8
594,Brian McGrattan,"NSH, CGY",R,21,3,0,3,-4,49,0,0,1,0,18,16.7,7:06,10.5
595,Aaron Gagnon,WPG,C,10,3,0,3,+2,2,0,0,1,0,11,27.3,8:09,11.7
596,Andrew Desjardins,SJS,C,42,2,1,3,-6,61,0,0,0,0,51,3.9,10:07,15.7
597,Korbinian Holzer,TOR,D,22,2,1,3,-12,28,0,0,1,0,16,12.5,18:30,26.8
598,Chris Kreider,NYR,L,23,2,1,3,-1,6,0,0,0,0,19,10.5,10:06,13.5
599,Oliver Lauridsen,PHI,D,15,2,1,3,+0,34,0,0,2,0,14,14.3,15:08,21.7
600,Daniel Carcillo,CHI,L,23,2,1,3,+1,11,0,0,1,0,23,8.7,8:59,12.2
601,Pierre-Cedric Labrie,TBL,L,19,2,1,3,+2,30,0,0,0,0,16,12.5,8:33,12.1
602,Patrick Maroon,ANA,L,13,2,1,3,-1,10,0,0,0,0,21,9.5,9:47,13.3
603,Todd Bertuzzi,DET,R,7,2,1,3,+3,2,0,0,0,0,10,20.0,15:31,20.7
604,Kyle Quincey,DET,D,36,1,2,3,+7,18,0,0,0,0,36,2.8,19:13,25.3
605,Adam Burish,SJS,R,46,1,2,3,-7,25,0,1,0,0,39,2.6,10:34,17.6
606,Jeff Halpern,"NYR, MTL",C,46,1,2,3,-8,10,0,0,1,0,26,3.8,10:11,16.0
607,Jason Demers,SJS,D,22,1,2,3,-4,10,0,0,0,0,27,3.7,18:37,23.9
608,Jacob Josefson,NJD,C,22,1,2,3,-10,2,0,0,0,0,20,5.0,12:58,19.7
609,Teemu Hartikainen,EDM,L,23,1,2,3,-8,6,1,0,0,0,21,4.8,10:34,13.9
610,Jordan Caron,BOS,R,17,1,2,3,+1,4,0,0,0,0,20,5.0,9:24,13.1
611,Maxwell Reinhart,CGY,C,11,1,2,3,-3,4,0,0,0,0,26,3.8,14:25,19.7
612,Stefan Matteau,NJD,L,17,1,2,3,-1,6,0,0,0,0,22,4.5,9:11,13.2
613,David Booth,VAN,L,12,1,2,3,-3,4,0,0,0,0,27,3.7,12:45,18.2
614,Matt Fraser,DAL,R,12,1,2,3,+0,0,0,0,0,0,17,5.9,11:47,15.6
615,Zac Dalpe,CAR,C,10,1,2,3,-7,0,0,0,0,0,18,5.6,12:18,18.1
616,Gabriel Dumont,MTL,C,10,1,2,3,+1,13,0,0,0,0,20,5.0,9:40,15.6
617,Mark Cundari,CGY,D,4,1,2,3,-2,2,1,0,0,0,8,12.5,19:46,23.5
618,Keaton Ellerby,"FLA, LAK",D,44,0,3,3,+3,52,0,0,0,0,23,0.0,14:28,20.9
619,Justin Falk,MIN,D,36,0,3,3,-9,40,0,0,0,0,27,0.0,13:12,19.8
620,Steve Eminger,NYR,D,35,0,3,3,+9,8,0,0,0,0,22,0.0,13:02,16.5
621,Jeff Schultz,WSH,D,26,0,3,3,-6,12,0,0,0,0,12,0.0,14:15,17.2
622,Eric Belanger,EDM,C,26,0,3,3,-1,10,0,0,0,0,31,0.0,14:07,21.4
623,Peter Regin,OTT,C,27,0,3,3,-4,8,0,0,0,0,37,0.0,11:31,18.0
624,Tim Brent,CAR,C,30,0,3,3,-3,8,0,0,0,0,23,0.0,9:47,14.7
625,Ryan Wilson,COL,D,12,0,3,3,+4,8,0,0,0,0,23,0.0,18:30,25.1
626,Tomas Kaberle,MTL,D,10,0,3,3,+4,0,0,0,0,0,11,0.0,13:32,17.8
627,Joey Crabb,WSH,R,26,2,0,2,-1,8,0,0,0,0,20,10.0,9:25,12.8
628,Arron Asham,NYR,R,27,2,0,2,+2,50,0,0,0,0,14,14.3,6:37,9.7
629,Tim Kennedy,SJS,C,13,2,0,2,-3,2,0,0,1,0,24,8.3,13:35,18.5
630,Dave Dziurzynski,OTT,L,12,2,0,2,-1,13,0,0,0,0,20,10.0,12:32,16.9
631,Sami Vatanen,ANA,D,8,2,0,2,+3,0,1,0,0,0,6,33.3,15:49,21.6
632,Lane MacDermid,"BOS, DAL",L,9,2,0,2,+1,19,0,0,0,0,4,50.0,4:35,7.8
633,Tanner Glass,PIT,L,48,1,1,2,-11,62,1,0,0,0,38,2.6,10:04,13.9
634,Mike Brown,"TOR, EDM",R,39,1,1,2,-7,123,0,0,0,0,18,5.6,7:31,11.1
635,Tim Wallace,CAR,R,28,1,1,2,-9,17,0,0,0,0,20,5.0,10:01,15.4
636,Aaron Volpatti,"VAN, WSH",L,33,1,1,2,-2,35,0,0,0,0,21,4.8,8:20,11.7
637,Jim Slater,WPG,C,26,1,1,2,-3,19,0,0,0,0,22,4.5,10:27,17.0
638,George Parros,FLA,R,39,1,1,2,-15,57,0,0,0,0,16,6.3,6:36,9.8
639,Colton Gillies,CBJ,C,27,1,1,2,+1,17,0,0,0,0,17,5.9,8:17,11.7
640,Zach Boychuk,"CAR, PIT, NSH",L,13,1,1,2,-1,6,0,0,0,0,14,7.1,12:18,16.8
641,Chris Conner,PHX,R,12,1,1,2,+3,2,0,0,0,0,15,6.7,11:22,15.7
642,Ben Eager,EDM,L,14,1,1,2,-4,25,0,0,0,0,14,7.1,9:39,14.8
643,Brad Malone,COL,C,13,1,1,2,-7,16,0,0,0,0,10,10.0,8:47,13.7
644,Stephane Da Costa,OTT,C,9,1,1,2,-3,0,0,0,0,0,15,6.7,11:51,15.6
645,Brad Staubitz,ANA,R,15,1,1,2,+0,41,0,0,1,0,5,20.0,6:12,8.5
646,Jeremy Morin,CHI,L,3,1,1,2,+1,0,0,0,0,0,7,14.3,13:01,17.7
647,Anders Lee,NYI,C,2,1,1,2,-3,0,0,0,0,0,2,50.0,8:12,12.5
648,Bryce Salvador,NJD,D,39,0,2,2,-12,22,0,0,0,0,29,0.0,21:19,26.6
649,Zbynek Michalek,PHX,D,34,0,2,2,+4,14,0,0,0,0,42,0.0,21:18,26.7
650,Keith Ballard,VAN,D,36,0,2,2,-2,29,0,0,0,0,35,0.0,15:28,21.4
651,Cory Sarich,CGY,D,28,0,2,2,-8,16,0,0,0,0,14,0.0,14:51,20.4
652,Matt Carkner,NYI,D,22,0,2,2,-2,46,0,0,0,0,19,0.0,12:35,17.6
653,Tom Poti,WSH,D,16,0,2,2,-2,2,0,0,0,0,8,0.0,15:13,19.7
654,Jamie Oleksiak,DAL,D,16,0,2,2,-5,14,0,0,0,0,11,0.0,14:50,20.3
655,Andrej Meszaros,PHI,D,11,0,2,2,-9,2,0,0,0,0,18,0.0,18:27,25.5
656,Cam Barker,VAN,D,14,0,2,2,-3,4,0,0,0,0,19,0.0,14:11,20.4
657,Matt Bartkowski,BOS,D,11,0,2,2,+0,6,0,0,0,0,9,0.0,13:29,17.7
658,Jamal Mayers,CHI,R,19,0,2,2,+2,16,0,0,0,0,10,0.0,6:58,10.3
659,Brett Bellemore,CAR,D,8,0,2,2,-2,7,0,0,0,0,3,0.0,13:45,19.9
660,Ryan Hamilton,TOR,L,10,0,2,2,+1,0,0,0,0,0,6,0.0,10:51,16.6
661,Daniel Bang,NSH,L,8,0,2,2,-2,0,0,0,0,0,13,0.0,12:54,19.5
662,Jarred Tinordi,MTL,D,8,0,2,2,+5,2,0,0,0,0,5,0.0,11:42,16.4
663,Nathan Beaulieu,MTL,D,6,0,2,2,+5,0,0,0,0,0,8,0.0,15:22,19.8
664,Brandon Manning,PHI,D,6,0,2,2,+4,0,0,0,0,0,5,0.0,14:48,21.0
665,Carl Soderberg,BOS,C,6,0,2,2,-2,6,0,0,0,0,6,0.0,14:43,16.3
666,David Van Der Gulik,COL,L,9,0,2,2,+2,6,0,0,0,0,10,0.0,9:26,17.2
667,Yannick Weber,MTL,D,6,0,2,2,-1,2,0,0,0,0,3,0.0,13:45,20.5
668,Jesse Joensuu,NYI,L,7,0,2,2,+2,6,0,0,0,0,15,0.0,10:08,13.6
669,Matt Tennyson,SJS,D,4,0,2,2,+2,2,0,0,0,0,8,0.0,15:42,20.0
670,Anthony Peluso,WPG,R,5,0,2,2,+1,14,0,0,0,0,4,0.0,4:59,7.6
671,Patrick Kaleta,BUF,R,34,1,0,1,-4,67,0,0,0,0,34,2.9,10:47,15.2
672,Sheldon Brookbank,CHI,D,26,1,0,1,-2,21,0,1,0,0,25,4.0,12:45,17.2
673,Scott Nichol,STL,C,30,1,0,1,-2,25,0,0,1,0,13,7.7,9:46,15.7
674,Ryan White,MTL,C,26,1,0,1,+1,67,0,0,0,0,16,6.3,9:24,14.0
675,Nick Bjugstad,FLA,C,11,1,0,1,-8,2,0,0,0,0,17,5.9,15:12,20.2
676,Cody Goloubef,CBJ,D,11,1,0,1,-3,0,0,0,1,0,14,7.1,14:48,18.9
677,Tom Wandell,DAL,C,18,1,0,1,+0,4,0,0,1,0,14,7.1,8:26,12.9
678,Jared Cowen,OTT,D,7,1,0,1,+1,10,0,0,0,0,8,12.5,20:17,26.4
679,Tom Kostopoulos,NJD,R,15,1,0,1,+0,18,0,0,0,0,13,7.7,9:05,14.0
680,Matt Kassian,OTT,L,15,1,0,1,+0,47,0,0,0,0,6,16.7,6:22,9.8
681,Greg Rallo,FLA,C,10,1,0,1,-5,2,1,0,0,0,10,10.0,9:33,13.0
682,Marco Scandella,MIN,D,6,1,0,1,-1,4,0,0,0,0,7,14.3,14:25,21.8
683,Austin Watson,NSH,L,6,1,0,1,-2,0,0,0,0,0,4,25.0,12:42,18.0
684,Jay Rosehill,PHI,L,11,1,0,1,-4,64,0,0,1,0,7,14.3,6:47,10.4
685,Ben Hanowski,CGY,R,5,1,0,1,+0,0,0,0,0,0,4,25.0,13:17,18.4
686,Kevin Henderson,NSH,L,4,1,0,1,-1,0,0,0,0,0,3,33.3,14:41,20.5
687,Brett Connolly,TBL,R,5,1,0,1,-3,0,1,0,0,0,10,10.0,10:16,14.6
688,Luke Adam,BUF,C,4,1,0,1,+1,2,0,0,0,0,2,50.0,9:47,12.0
689,Chris Terry,CAR,L,3,1,0,1,+0,0,0,0,1,0,1,100.0,9:36,13.0
690,Ben Smith,CHI,R,1,1,0,1,+1,0,0,0,0,0,1,100.0,18:21,23.0
691,Jason Akeson,PHI,R,1,1,0,1,+2,0,0,0,0,0,2,50.0,12:23,18.0
692,Scott Hannan,"NSH, SJS",D,33,0,1,1,-14,22,0,0,0,0,25,0.0,19:20,24.0
693,Andrew Alberts,VAN,D,24,0,1,1,-7,32,0,0,0,0,15,0.0,15:10,20.6
694,Kent Huskins,"DET, PHI",D,19,0,1,1,-3,4,0,0,0,0,4,0.0,15:39,20.5
695,Derek Smith,CGY,D,22,0,1,1,-5,10,0,0,0,0,18,0.0,12:14,17.0
696,Ian Cole,STL,D,15,0,1,1,-4,10,0,0,0,0,10,0.0,17:44,26.4
697,Colby Robak,FLA,D,16,0,1,1,-1,17,0,0,0,0,15,0.0,15:10,20.6
698,Derek Meech,WPG,D,16,0,1,1,+0,2,0,0,0,0,5,0.0,14:41,18.4
699,Danny DeKeyser,DET,D,11,0,1,1,+4,2,0,0,0,0,15,0.0,18:02,25.4
700,Joe Finley,NYI,D,16,0,1,1,-5,20,0,0,0,0,2,0.0,11:57,15.9
701,Roman Hamrlik,"WSH, NYR",D,16,0,1,1,-4,8,0,0,0,0,7,0.0,11:28,13.8
702,Mike Lundin,OTT,D,11,0,1,1,-2,0,0,0,0,0,13,0.0,15:30,20.7
703,Blair Jones,CGY,C,15,0,1,1,-6,10,0,0,0,0,22,0.0,10:44,14.7
704,Anton Lander,EDM,C,11,0,1,1,-4,2,0,0,0,0,11,0.0,11:01,15.9
705,Carlo Colaiacovo,DET,D,6,0,1,1,-4,2,0,0,0,0,12,0.0,18:54,26.0
706,Brett Clark,MIN,D,8,0,1,1,-9,0,0,0,0,0,6,0.0,14:04,21.0
707,David Rundblad,PHX,D,8,0,1,1,-5,0,0,0,0,0,9,0.0,13:44,16.5
708,Brett Carson,CGY,D,10,0,1,1,-1,0,0,0,0,0,8,0.0,10:55,15.6
709,Ed Jovanovski,FLA,D,6,0,1,1,-4,0,0,0,0,0,6,0.0,15:39,22.5
710,Anton Babchuk,CGY,D,7,0,1,1,-1,0,0,0,0,0,5,0.0,11:51,15.7
711,Ben Street,CGY,C,6,0,1,1,-1,0,0,0,0,0,13,0.0,13:36,19.2
712,Filip Forsberg,NSH,C,5,0,1,1,-5,0,0,0,0,0,14,0.0,15:28,20.6
713,Matt Greene,LAK,D,5,0,1,1,-1,8,0,0,0,0,3,0.0,15:17,22.2
714,Dmitry Orlov,WSH,D,5,0,1,1,+5,0,0,0,0,0,1,0.0,14:56,16.2
715,Andreas Nodl,CAR,R,8,0,1,1,-1,2,0,0,0,0,6,0.0,8:28,12.5
716,Brandon McMillan,ANA,C,6,0,1,1,-1,2,0,0,0,0,2,0.0,8:44,13.8
717,Harry Zolnierczyk,PHI,L,7,0,1,1,+0,36,0,0,0,0,4,0.0,7:22,10.7
718,Mikael Samuelsson,DET,R,4,0,1,1,-3,0,0,0,0,0,4,0.0,12:51,18.3
719,Kris Newbury,NYR,C,6,0,1,1,+1,9,0,0,0,0,4,0.0,7:53,11.5
720,Paul Byron,CGY,C,4,0,1,1,-2,2,0,0,0,0,1,0.0,10:27,15.8
721,Jamie Langenbrunner,STL,R,4,0,1,1,+1,0,0,0,0,0,5,0.0,9:46,14.3
722,Brendan Mikkelson,TBL,D,4,0,1,1,+1,6,0,0,0,0,0,0.0,9:45,16.0
723,Benn Ferriero,NYR,C,4,0,1,1,+0,0,0,0,0,0,4,0.0,9:36,13.3
724,Mattias Tedenby,NJD,R,4,0,1,1,+0,2,0,0,0,0,2,0.0,8:59,12.8
725,Jeremy Welsh,CAR,C,5,0,1,1,+1,0,0,0,0,0,4,0.0,5:50,8.6
726,Steve Downie,COL,R,2,0,1,1,+1,6,0,0,0,0,2,0.0,8:53,12.0
727,Joonas Rask,NSH,C,2,0,1,1,-1,0,0,0,0,0,0,0.0,8:00,12.5
728,Eric Selleck,FLA,L,2,0,1,1,+2,17,0,0,0,0,2,0.0,7:55,12.5
729,Torey Krug,BOS,D,1,0,1,1,-1,0,0,0,0,0,0,0.0,15:47,21.0
730,Matt Anderson,NJD,R,2,0,1,1,+1,0,0,0,0,0,0,0.0,5:46,10.0
731,Colton Sceviour,DAL,C,1,0,1,1,-1,0,0,0,0,0,0,0.0,4:51,7.0
732,Hal Gill,NSH,D,32,0,0,0,-3,12,0,0,0,0,8,0.0,13:23,18.0
733,Mark Eaton,PIT,D,23,0,0,0,+9,4,0,0,0,0,8,0.0,17:58,22.7
734,Darroll Powe,"MIN, NYR",C,42,0,0,0,-1,27,0,0,0,0,23,0.0,8:59,13.0
735,Zenon Konopka,MIN,C,37,0,0,0,-4,117,0,0,0,0,18,0.0,8:26,12.9
736,Brian Lee,TBL,D,22,0,0,0,-13,16,0,0,0,0,13,0.0,13:55,19.7
737,Brandon Bollig,CHI,L,25,0,0,0,-1,51,0,0,0,0,34,0.0,8:00,11.8
738,Nate Prosser,MIN,D,17,0,0,0,+4,4,0,0,0,0,5,0.0,11:15,16.4
739,Quinton Howden,FLA,C,18,0,0,0,-11,2,0,0,0,0,22,0.0,10:27,14.4
740,John Scott,BUF,L,34,0,0,0,-1,69,0,0,0,0,15,0.0,5:26,7.6
741,Jay Pandolfo,BOS,L,18,0,0,0,-2,2,0,0,0,0,11,0.0,9:04,14.1
742,Aaron Johnson,BOS,D,10,0,0,0,+0,10,0,0,0,0,8,0.0,14:52,20.3
743,Matt Gilroy,NYR,D,15,0,0,0,-3,6,0,0,0,0,14,0.0,9:33,11.1
744,Krystofer Barch,NJD,L,22,0,0,0,+1,44,0,0,0,0,4,0.0,5:51,8.8
745,Steven Pinizzotto,VAN,R,12,0,0,0,-6,29,0,0,0,0,9,0.0,9:59,14.2
746,Alex Petrovic,FLA,D,6,0,0,0,-8,25,0,0,0,0,5,0.0,18:46,23.5
747,Alexandre Bolduc,PHX,C,14,0,0,0,-4,2,0,0,0,0,17,0.0,7:37,10.9
748,Manny Malhotra,VAN,C,9,0,0,0,-3,0,0,0,0,0,2,0.0,11:07,18.4
749,Chad Ruhwedel,BUF,D,7,0,0,0,+0,0,0,0,0,0,8,0.0,14:11,18.6
750,Stu Bickel,NYR,D,16,0,0,0,-2,49,0,0,0,0,2,0.0,5:31,7.4
751,Eric Boulton,NYI,L,15,0,0,0,-4,36,0,0,0,0,5,0.0,5:40,8.9
752,Ryan Murphy,CAR,D,4,0,0,0,-4,2,0,0,0,0,7,0.0,21:03,25.3
753,Nick Drazenovic,CBJ,C,8,0,0,0,-2,4,0,0,0,0,5,0.0,9:55,15.5
754,Nicolas Blanchard,CAR,L,9,0,0,0,-2,20,0,0,0,0,6,0.0,8:40,13.9
755,Mark Borowiecki,OTT,D,6,0,0,0,+1,18,0,0,0,0,1,0.0,12:59,20.7
756,Chris VandeVelde,EDM,C,11,0,0,0,-3,4,0,0,0,0,7,0.0,7:02,10.4
757,Chris Summers,PHX,D,6,0,0,0,-3,9,0,0,0,0,5,0.0,12:39,18.7
758,Theo Peckham,EDM,D,4,0,0,0,-1,6,0,0,0,0,2,0.0,17:38,25.3
759,Nolan Yonkman,FLA,D,7,0,0,0,-1,11,0,0,0,0,4,0.0,9:46,13.6
760,Andreas Lilja,PHI,D,4,0,0,0,-1,0,0,0,0,0,2,0.0,16:46,23.3
761,Devante Smith-Pelly,ANA,R,7,0,0,0,-4,0,0,0,0,0,5,0.0,8:59,13.0
762,Sean Collins,CBJ,C,5,0,0,0,-2,6,0,0,0,0,0,0.0,12:29,17.6
763,Michael Sgarbossa,COL,C,6,0,0,0,-3,4,0,0,0,0,6,0.0,10:21,13.7
764,Mike Komisarek,TOR,D,4,0,0,0,+2,2,0,0,0,0,1,0.0,15:20,26.5
765,Micheal Haley,NYR,C,9,0,0,0,-1,12,0,0,0,0,4,0.0,6:37,9.2
766,Frank Corrado,VAN,D,3,0,0,0,-1,0,0,0,0,0,4,0.0,19:24,25.3
767,Scott Laughton,PHI,C,5,0,0,0,+0,0,0,0,0,0,10,0.0,11:31,15.2
768,Akim Aliu,CGY,R,5,0,0,0,-2,14,0,0,0,0,2,0.0,10:51,14.6
769,Michal Jordan,CAR,D,5,0,0,0,-2,2,0,0,0,0,2,0.0,10:41,15.8
770,Scott Timmins,FLA,C,5,0,0,0,-2,4,0,0,0,0,6,0.0,10:35,14.8
771,Jonathan Rheault,FLA,R,5,0,0,0,+0,0,0,0,0,0,5,0.0,10:34,14.6
772,David Savard,CBJ,D,4,0,0,0,-3,0,0,0,0,0,1,0.0,13:12,17.0
773,Cody McCormick,BUF,C,8,0,0,0,-2,10,0,0,0,0,6,0.0,6:27,9.1
774,Andrew Gordon,VAN,R,6,0,0,0,-1,0,0,0,0,0,2,0.0,8:25,12.8
775,Tim Sestito,NJD,L,6,0,0,0,+1,2,0,0,0,0,4,0.0,7:52,13.3
776,Mark Scheifele,WPG,C,4,0,0,0,+0,0,0,0,0,0,6,0.0,11:31,15.0
777,Dylan Reese,PIT,D,3,0,0,0,+0,0,0,0,0,0,1,0.0,15:15,19.3
778,Joe Colborne,TOR,C,5,0,0,0,-1,2,0,0,0,0,4,0.0,9:07,13.6
779,Derek Grant,OTT,C,5,0,0,0,-1,0,0,0,0,0,5,0.0,8:39,12.8
780,Mike Blunden,MTL,R,5,0,0,0,-1,4,0,0,0,0,5,0.0,8:20,13.2
781,Mark Stone,OTT,R,4,0,0,0,-1,2,0,0,0,0,3,0.0,10:00,15.5
782,Patrice Cormier,WPG,C,10,0,0,0,-3,7,0,0,0,0,4,0.0,3:53,6.3
783,Chris Brown,PHX,C,5,0,0,0,+0,2,0,0,0,0,6,0.0,7:38,9.2
784,Eric Wellwood,PHI,L,4,0,0,0,+0,0,0,0,0,0,2,0.0,9:25,12.5
785,Matt Ellis,BUF,L,6,0,0,0,+0,0,0,0,0,0,8,0.0,6:11,10.0
786,Mike Hoffman,OTT,C,3,0,0,0,-1,2,0,0,0,0,6,0.0,12:19,15.7
787,Harri Pesonen,NJD,C,4,0,0,0,-1,2,0,0,0,0,3,0.0,9:11,13.5
788,Ryan Spooner,BOS,C,4,0,0,0,+0,0,0,0,0,0,4,0.0,9:07,11.8
789,Rickard Rakell,ANA,R,4,0,0,0,-2,0,0,0,0,0,3,0.0,8:57,11.5
790,Jordan Hendry,ANA,D,2,0,0,0,+0,0,0,0,0,0,0,0.0,17:34,24.0
791,Derek Joslin,VAN,D,2,0,0,0,-2,0,0,0,0,0,2,0.0,16:59,25.0
792,Matt Taormina,TBL,D,2,0,0,0,-1,0,0,0,0,0,0,0.0,16:38,21.0
793,Matthew Konan,PHI,D,2,0,0,0,+0,0,0,0,0,0,4,0.0,15:55,20.5
794,Mark Barberio,TBL,D,2,0,0,0,-2,0,0,0,0,0,1,0.0,15:29,23.0
795,Carter Bancks,CGY,L,2,0,0,0,+0,0,0,0,0,0,0,0.0,14:41,20.0
796,Greg Pateryn,MTL,D,3,0,0,0,+0,0,0,0,0,0,0,0.0,9:36,13.3
797,Nicklas Jensen,VAN,L,2,0,0,0,-1,0,0,0,0,0,0,0.0,13:51,19.0
798,Jared Staal,CAR,R,2,0,0,0,-2,2,0,0,0,0,3,0.0,13:23,18.5
799,Drew LeBlanc,CHI,C,2,0,0,0,-3,0,0,0,0,0,3,0.0,13:20,17.0
800,Brett Sutter,CAR,L,3,0,0,0,-1,4,0,0,0,0,2,0.0,8:20,13.0
801,Brandon Mashinter,NYR,L,4,0,0,0,-2,0,0,0,0,0,2,0.0,5:55,9.0
802,Jonathan Audy-Marchessault,CBJ,C,2,0,0,0,-1,0,0,0,0,0,0,0.0,10:56,15.0
803,Andrej Sustr,TBL,D,2,0,0,0,+1,0,0,0,0,0,2,0.0,10:43,13.5
804,Mark Arcobello,EDM,C,1,0,0,0,+0,0,0,0,0,0,0,0.0,18:15,19.0
805,Matt Pelech,SJS,R,2,0,0,0,+0,7,0,0,0,0,0,0.0,9:03,14.0
806,Brandon Pirri,CHI,C,1,0,0,0,+0,0,0,0,0,0,2,0.0,17:55,22.0
807,Nick Holden,CBJ,D,2,0,0,0,+1,0,0,0,0,0,2,0.0,8:34,14.0
808,Jake Dowell,MIN,C,2,0,0,0,+0,0,0,0,0,0,3,0.0,8:32,13.0
809,Ryan Stanton,CHI,D,1,0,0,0,+1,2,0,0,0,0,1,0.0,17:05,24.0
810,Mattias Ekholm,NSH,D,1,0,0,0,-1,0,0,0,0,0,0,0.0,16:05,20.0
811,Eric Gelinas,NJD,D,1,0,0,0,-1,0,0,0,0,0,1,0.0,15:59,22.0
812,Cam Janssen,NJD,R,4,0,0,0,-1,2,0,0,0,0,0,0.0,3:58,6.8
813,Michael Caruso,FLA,D,2,0,0,0,-1,0,0,0,0,0,0,0.0,7:55,12.0
814,Dmitrij Jaskin,STL,R,2,0,0,0,-1,0,0,0,0,0,2,0.0,7:29,11.5
815,Shawn Lalonde,CHI,D,1,0,0,0,+1,0,0,0,0,0,0,0.0,14:47,20.0
816,Alexander Urbom,NJD,D,1,0,0,0,-1,0,0,0,0,0,0,0.0,14:11,18.0
817,Mathieu Roy,TBL,D,1,0,0,0,-1,0,0,0,0,0,0,0.0,14:07,19.0
818,Johan Larsson,MIN,L,1,0,0,0,+0,0,0,0,0,0,2,0.0,14:02,19.0
819,JT Wyman,TBL,R,1,0,0,0,-1,0,0,0,0,0,0,0.0,13:31,20.0
820,Christian Thomas,NYR,L,1,0,0,0,+0,0,0,0,0,0,2,0.0,12:46,17.0
821,Darren Helm,DET,C,1,0,0,0,+0,2,0,0,0,0,1,0.0,12:27,20.0
822,Bill Sweatt,VAN,L,1,0,0,0,-1,0,0,0,0,0,0,0.0,12:24,18.0
823,Bracken Kearns,SJS,C,1,0,0,0,+0,0,0,0,0,0,0,0.0,12:04,18.0
824,Cameron Schilling,WSH,D,1,0,0,0,-1,0,0,0,0,0,0,0.0,11:58,15.0
825,Nick Petrecki,SJS,D,1,0,0,0,+0,0,0,0,0,0,0,0.0,11:58,16.0
826,Jan Mursak,DET,L,2,0,0,0,+0,4,0,0,0,0,0,0.0,5:38,7.5
827,Trevor Smith,PIT,C,1,0,0,0,+0,0,0,0,0,0,0,0.0,10:24,13.0
828,Jamie Tardif,BOS,R,2,0,0,0,+0,0,0,0,0,0,1,0.0,4:55,8.0
829,Andy Miele,PHX,C,1,0,0,0,+1,0,0,0,0,0,0,0.0,9:02,14.0
830,Darcy Hordichuk,EDM,L,4,0,0,0,-1,2,0,0,0,0,0,0.0,2:02,3.5
831,Jody Shelley,PHI,L,1,0,0,0,+0,0,0,0,0,0,0,0.0,7:58,10.0
832,Marc-Andre Gragnani,CAR,D,1,0,0,0,+0,0,0,0,0,0,0,0.0,7:53,11.0
833,Andrew Murray,STL,C,1,0,0,0,+0,0,0,0,0,0,2,0.0,7:49,13.0
834,Mike Angelidis,TBL,L,1,0,0,0,+0,0,0,0,0,0,0,0.0,7:22,15.0
835,Riley Sheahan,DET,C,1,0,0,0,+0,0,0,0,0,0,1,0.0,6:47,11.0
836,Toby Petersen,DAL,C,1,0,0,0,+0,0,0,0,0,0,0,0.0,6:40,9.0
837,Francis Wathier,DAL,L,1,0,0,0,+0,0,0,0,0,0,0,0.0,5:40,11.0
838,Brandon Segal,NYR,R,1,0,0,0,+0,2,0,0,0,0,0,0.0,5:21,14.0
839,Steve MacIntyre,PIT,L,1,0,0,0,+0,12,0,0,0,0,0,0.0,4:31,7.0
