1,Steven Stamkos,TBL,C,17,14,9,23,+11,8,3,1,2,0,60,23.3,20:17,24.4,45.4
2,Sidney Crosby,PIT,C,17,8,15,23,+4,10,2,0,0,0,62,12.9,22:37,24.1,54.2
3,Ryan Getzlaf,ANA,C,18,10,12,22,+12,13,2,0,4,0,45,22.2,19:59,24.2,50.8
4,Alexander Steen,STL,C,15,14,7,21,+10,8,4,0,3,0,52,26.9,21:05,28.4,51.3
5,Corey Perry,ANA,R,19,11,10,21,+14,16,1,0,4,0,72,15.3,19:22,23.5,50.0
6,Alex Ovechkin,WSH,L,16,13,7,20,-8,14,7,0,1,0,94,13.8,21:05,21.7,0.0
7,Henrik Zetterberg,DET,L,18,10,10,20,+12,4,1,0,1,0,69,14.5,20:12,24.6,50.0
8,John Tavares,NYI,C,18,7,13,20,+0,24,1,0,2,0,56,12.5,20:44,22.1,44.0
9,Nicklas Backstrom,WSH,C,18,5,15,20,-1,8,1,0,1,0,39,12.8,19:22,22.1,48.8
10,Henrik Sedin,VAN,C,20,3,17,20,+4,16,1,0,0,0,35,8.6,22:27,26.1,50.3
11,Matt Duchene,COL,C,16,11,8,19,+7,0,3,0,3,0,54,20.4,18:05,22.5,53.1
12,Phil Kessel,TOR,C,17,10,9,19,+6,13,3,0,3,0,64,15.6,19:37,24.6,12.5
13,Frans Nielsen,NYI,C,18,9,10,19,+3,4,1,1,0,0,38,23.7,18:22,22.9,47.6
14,Bobby Ryan,OTT,R,17,9,10,19,+10,8,3,0,0,0,49,18.4,17:38,23.3,75.0
15,Jiri Hudler,CGY,C,17,6,13,19,+0,0,1,0,0,0,30,20.0,19:53,23.9,16.7
16,Kyle Okposo,NYI,R,18,5,14,19,+6,16,1,0,0,0,41,12.2,20:01,21.5,44.4
17,Pavel Datsyuk,DET,C,18,7,11,18,+11,6,1,0,2,0,56,12.5,20:44,25.0,51.4
18,Erik Karlsson,OTT,D,17,6,12,18,+2,8,0,0,1,0,59,10.2,26:59,27.2,0.0
19,Joe Pavelski,SJS,C,17,6,12,18,+4,8,3,0,0,0,50,12.0,19:42,27.5,57.8
20,Kyle Turris,OTT,C,17,4,14,18,+11,8,1,0,0,0,49,8.2,19:31,25.4,47.3
21,Bryan Little,WPG,R,19,10,7,17,+3,10,1,2,1,0,41,24.4,19:51,26.1,43.9
22,Patrick Kane,CHI,R,18,10,7,17,-4,8,4,0,3,0,59,16.9,19:32,22.4,50.0
23,Daniel Sedin,VAN,L,20,7,10,17,+3,22,2,0,2,0,70,10.0,21:57,25.7,0.0
24,Logan Couture,SJS,C,17,7,10,17,+5,0,3,0,1,0,58,12.1,20:01,27.5,53.4
25,Anze Kopitar,LAK,C,17,4,13,17,+4,4,3,0,1,1,48,8.3,21:26,26.4,54.4
26,P.K. Subban,MTL,D,18,3,14,17,+2,16,2,0,0,0,62,4.8,24:29,27.3,0.0
27,Joe Thornton,SJS,C,17,2,15,17,+7,2,0,0,0,0,28,7.1,18:57,27.2,53.1
28,Tomas Hertl,SJS,C,17,10,6,16,+7,0,2,0,1,0,51,19.6,15:24,22.1,65.5
29,Jonathan Toews,CHI,C,18,9,7,16,+4,14,2,0,0,0,54,16.7,21:01,25.4,58.1
30,Patrick Marleau,SJS,C,17,8,8,16,+3,0,4,0,1,0,60,13.3,20:23,28.0,45.4
31,Chris Kunitz,PIT,L,17,8,8,16,+12,14,3,0,2,0,56,14.3,18:59,21.4,100.0
32,Jason Spezza,OTT,C,16,8,8,16,-3,12,3,0,1,0,49,16.3,18:59,24.8,54.5
33,Martin St. Louis,TBL,R,17,7,9,16,+10,4,0,0,1,1,43,16.3,21:27,25.2,40.0
34,Tyler Seguin,DAL,C,17,7,9,16,+3,2,1,0,1,0,43,16.3,19:18,24.4,38.3
35,Jamie Benn,DAL,C,17,6,10,16,+5,7,0,0,1,0,56,10.7,19:09,25.2,60.0
36,Andrew Ladd,WPG,L,19,5,11,16,+6,12,1,0,0,0,49,10.2,18:58,24.9,35.0
37,Mike Richards,LAK,C,17,5,11,16,-1,4,2,1,2,0,37,13.5,18:30,25.4,57.0
38,Patrick Sharp,CHI,L,18,4,12,16,+7,6,0,0,0,0,67,6.0,18:57,21.7,57.1
39,David Krejci,BOS,C,17,3,13,16,+10,16,0,0,2,0,32,9.4,19:12,21.9,57.2
40,Zach Parise,MIN,L,18,8,7,15,+4,8,5,0,2,0,79,10.1,20:24,25.2,42.8
41,Matt Moulson,"NYI, BUF",L,17,8,7,15,+1,6,5,0,0,0,41,19.5,17:30,19.4,0.0
42,Brad Richards,NYR,C,17,6,9,15,+5,8,1,0,1,0,60,10.0,19:28,23.9,51.0
43,David Backes,STL,C,15,6,9,15,+7,30,3,0,1,0,29,20.7,20:49,28.3,52.7
44,Mikhail Grabovski,WSH,C,18,5,10,15,+3,6,2,0,0,0,25,20.0,15:47,19.3,55.3
45,Jordan Eberle,EDM,R,19,4,11,15,-3,2,0,1,0,0,53,7.5,21:41,28.6,44.4
46,Evgeni Malkin,PIT,C,17,3,12,15,-4,14,1,0,1,0,46,6.5,20:10,21.4,53.6
47,Marcus Johansson,WSH,C,18,2,13,15,-5,0,1,0,1,0,19,10.5,17:28,20.8,28.1
48,Jason Pominville,MIN,R,18,11,3,14,+8,6,3,0,3,0,57,19.3,17:49,22.1,42.5
49,Ryan Kesler,VAN,C,20,9,5,14,-4,13,2,0,2,1,75,12.0,22:39,26.8,51.8
50,Marian Hossa,CHI,R,18,8,6,14,+10,4,1,0,0,0,70,11.4,18:24,24.4,0.0
51,Milan Lucic,BOS,L,17,7,7,14,+10,14,0,0,1,0,32,21.9,17:23,20.5,31.0
52,Martin Hanzal,PHX,C,16,5,9,14,-5,23,1,0,1,0,42,11.9,19:33,25.2,50.3
53,Mathieu Perreault,ANA,C,18,5,9,14,+10,6,0,0,1,1,32,15.6,14:09,18.8,55.0
54,David Legwand,NSH,C,17,4,10,14,-4,6,2,0,1,0,22,18.2,16:16,20.9,50.6
55,Alex Galchenyuk,MTL,C,18,3,11,14,+0,8,0,0,0,0,37,8.1,15:38,22.6,25.0
56,Keith Yandle,PHX,D,18,1,13,14,-5,8,1,0,0,0,40,2.5,22:44,26.8,0.0
57,James van Riemsdyk,TOR,L,15,7,6,13,+7,16,2,1,0,0,43,16.3,20:34,26.9,43.6
58,Tomas Plekanec,MTL,C,18,6,7,13,+4,8,3,1,3,0,48,12.5,18:43,26.7,48.4
59,Paul Stastny,COL,C,16,6,7,13,+11,10,1,0,2,1,28,21.4,18:35,23.4,53.7
60,Radim Vrbata,PHX,R,17,6,7,13,-7,8,2,0,1,0,64,9.4,17:29,22.4,27.3
61,Gabriel Landeskog,COL,L,15,6,7,13,+7,17,1,0,1,0,50,12.0,17:31,22.0,66.7
62,Cody Hodgson,BUF,C,19,5,8,13,-6,4,3,0,0,0,44,11.4,18:52,21.2,42.3
63,Ryan Nugent-Hopkins,EDM,C,17,5,8,13,-12,0,2,0,1,0,41,12.2,21:01,26.6,41.1
64,Jaromir Jagr,NJD,R,17,5,8,13,+5,6,0,0,2,0,34,14.7,17:58,22.1,0.0
65,Nazem Kadri,TOR,C,17,5,8,13,-1,14,2,0,1,0,28,17.9,17:11,23.5,44.3
66,Tommy Wingels,SJS,C,17,5,8,13,+10,12,0,1,2,0,36,13.9,15:21,22.5,50.0
67,Derek Stepan,NYR,C,17,4,9,13,-4,2,1,0,1,0,45,8.9,18:42,24.3,44.5
68,Brandon Dubinsky,CBJ,C,16,4,9,13,+2,34,2,1,1,0,40,10.0,19:32,22.3,54.3
69,Oliver Ekman-Larsson,PHX,D,18,3,10,13,+8,8,2,0,2,0,44,6.8,25:51,29.5,0.0
70,Daniel Alfredsson,DET,R,18,3,10,13,+2,6,1,0,0,0,36,8.3,17:14,22.1,33.3
71,James Wisniewski,CBJ,D,16,2,11,13,-2,8,0,0,0,0,43,4.7,21:20,23.5,0.0
72,Duncan Keith,CHI,D,18,1,12,13,+3,2,1,0,1,0,51,2.0,24:21,29.2,0.0
73,Shane Doan,PHX,R,17,8,4,12,+0,8,5,0,1,0,54,14.8,19:37,24.2,33.3
74,Joel Ward,WSH,R,18,8,4,12,-3,10,3,0,1,0,27,29.6,16:13,21.6,45.8
75,Brendan Gallagher,MTL,R,18,8,4,12,+3,12,3,0,0,0,59,13.6,15:48,22.9,37.1
76,Joffrey Lupul,TOR,R,15,8,4,12,-3,11,2,0,0,0,56,14.3,18:05,24.1,42.8
77,Lars Eller,MTL,C,18,6,6,12,+2,14,1,1,2,0,37,16.2,18:01,24.9,52.2
78,Valtteri Filppula,TBL,C,17,6,6,12,+2,6,1,0,0,0,24,25.0,19:03,23.7,53.3
79,Justin Williams,LAK,R,17,6,6,12,+2,12,3,0,0,0,54,11.1,17:32,22.9,0.0
80,PA Parenteau,COL,R,16,6,6,12,+5,8,0,0,1,0,27,22.2,16:56,20.9,25.0
81,Mike Santorelli,VAN,C,20,5,7,12,+2,6,0,0,2,2,35,14.3,19:21,25.2,56.7
82,Thomas Vanek,"BUF, NYI",L,19,5,7,12,-2,8,1,0,0,0,67,7.5,18:25,20.3,40.0
83,Jason Chimera,WSH,L,18,5,7,12,+0,12,0,0,0,0,29,17.2,15:12,20.4,55.6
84,Taylor Hall,EDM,L,12,5,7,12,-8,6,1,0,0,0,45,11.1,21:27,27.2,48.8
85,Alex Pietrangelo,STL,D,15,4,8,12,+7,0,2,0,0,0,29,13.8,25:57,32.5,0.0
86,David Perron,EDM,L,15,4,8,12,-3,18,2,0,0,0,55,7.3,20:04,26.5,16.7
87,Alex Killorn,TBL,C,17,4,8,12,+6,6,1,0,1,1,36,11.1,17:21,22.5,14.3
88,Tomas Fleischmann,FLA,L,17,3,9,12,-4,6,1,0,0,0,47,6.4,17:49,23.2,50.0
89,Clarke MacArthur,OTT,L,16,3,9,12,+13,16,1,0,2,0,37,8.1,18:29,24.2,75.0
90,Dustin Penner,ANA,L,12,3,9,12,+18,2,0,0,0,0,26,11.5,13:30,18.8,41.7
91,Mikko Koivu,MIN,C,18,2,10,12,+3,10,0,0,0,0,44,4.5,20:37,25.9,57.0
92,Mark Arcobello,EDM,C,19,2,10,12,-2,4,1,0,1,1,42,4.8,17:07,24.6,52.5
93,T.J. Oshie,STL,R,15,2,10,12,+10,8,0,0,2,0,23,8.7,19:55,26.7,100.0
94,Mikael Granlund,MIN,C,18,2,10,12,+5,8,0,0,1,0,24,8.3,15:58,21.1,46.6
95,Dustin Byfuglien,WPG,D,19,1,11,12,-6,28,0,0,0,0,64,1.6,26:20,28.5,0.0
96,Kevin Shattenkirk,STL,D,15,1,11,12,+3,8,0,0,1,0,31,3.2,19:19,24.5,0.0
97,Jussi Jokinen,PIT,L,17,8,3,11,-5,4,3,0,2,0,42,19.0,15:15,19.5,41.2
98,Sean Monahan,CGY,C,17,7,4,11,-6,0,2,0,1,0,36,19.4,15:36,21.4,42.9
99,Ryan O'Reilly,COL,C,16,6,5,11,+6,0,1,0,1,0,55,10.9,20:14,25.5,50.0
100,Torey Krug,BOS,D,17,6,5,11,+4,8,3,0,0,0,38,15.8,17:43,21.9,0.0
101,Mike Ribeiro,PHX,C,18,5,6,11,-1,8,1,0,1,0,34,14.7,19:14,22.6,45.4
102,Blake Wheeler,WPG,R,19,5,6,11,-4,8,2,0,0,0,51,9.8,17:53,22.9,28.6
103,Mason Raymond,TOR,L,17,5,6,11,+2,2,1,0,2,0,43,11.6,19:08,25.7,28.6
104,Alex Chiasson,DAL,R,17,5,6,11,-5,15,1,0,2,0,51,9.8,17:26,24.3,42.3
105,Nick Bonino,ANA,C,19,5,6,11,+4,6,1,0,1,0,37,13.5,15:32,20.9,52.6
106,Ryan Johansen,CBJ,C,16,5,6,11,-3,10,0,0,0,0,39,12.8,17:45,22.3,53.6
107,Marian Gaborik,CBJ,R,15,5,6,11,+1,6,0,0,0,0,37,13.5,17:26,20.2,0.0
108,Jarome Iginla,BOS,R,17,4,7,11,+11,23,0,0,0,0,50,8.0,18:40,21.3,33.3
109,Andrew Shaw,CHI,C,18,4,7,11,+6,8,2,0,1,0,35,11.4,15:52,20.5,44.3
110,Marc-Edouard Vlasic,SJS,D,17,3,8,11,+11,6,0,1,0,0,25,12.0,20:34,27.0,0.0
111,Mikkel Boedker,PHX,L,18,3,8,11,-1,12,1,0,0,0,23,13.0,16:39,22.9,0.0
112,Marek Zidlicky,NJD,D,17,2,9,11,-3,16,2,0,0,0,25,8.0,22:33,28.3,0.0
113,Pascal Dupuis,PIT,L,17,2,9,11,+5,2,0,0,0,0,47,4.3,18:39,22.7,50.0
114,Reilly Smith,BOS,R,17,2,9,11,+6,10,0,0,1,0,22,9.1,13:54,19.0,0.0
115,Ryan Suter,MIN,D,18,0,11,11,+2,10,0,0,0,0,36,0.0,29:22,31.9,0.0
116,Mike Cammalleri,CGY,C,10,7,3,10,+0,4,1,0,1,0,27,25.9,19:59,25.3,35.0
117,Chris Higgins,VAN,L,20,6,4,10,-2,8,0,0,2,0,69,8.7,19:20,25.9,22.2
118,Evander Kane,WPG,L,17,6,4,10,+1,23,0,0,1,0,72,8.3,21:29,26.1,40.0
119,Dave Bolland,TOR,C,15,6,4,10,+4,18,1,1,2,1,27,22.2,16:15,23.9,41.3
120,Antoine Vermette,PHX,C,18,5,5,10,+8,14,0,0,0,0,36,13.9,19:15,27.2,58.8
121,Brad Richardson,VAN,R,20,5,5,10,+5,4,0,2,1,1,18,27.8,13:33,20.1,53.6
122,Teddy Purcell,TBL,R,17,5,5,10,+0,2,3,0,2,1,39,12.8,15:22,19.5,0.0
123,Ryan McDonagh,NYR,D,17,4,6,10,-1,4,1,1,0,0,25,16.0,22:35,28.1,0.0
124,Brandon Saad,CHI,L,18,4,6,10,+6,6,1,0,0,0,32,12.5,17:05,22.6,57.1
125,Michael Frolik,WPG,R,19,4,6,10,+0,2,0,0,1,0,45,8.9,14:53,19.9,81.8
126,Patric Hornqvist,NSH,R,17,4,6,10,+0,10,1,0,2,0,48,8.3,16:24,21.2,0.0
127,Derek Morris,PHX,D,14,4,6,10,+2,4,0,0,0,0,18,22.2,18:52,26.9,0.0
128,Milan Michalek,OTT,L,17,3,7,10,-6,6,0,0,0,0,33,9.1,18:18,25.2,33.3
129,Nino Niederreiter,MIN,R,18,3,7,10,+5,14,1,0,0,0,37,8.1,14:14,19.6,66.7
130,Andrei Markov,MTL,D,18,2,8,10,+5,8,1,1,0,0,34,5.9,25:07,29.4,0.0
131,Nathan MacKinnon,COL,C,16,2,8,10,+6,6,1,0,1,0,36,5.6,14:44,19.1,37.0
132,Dennis Wideman,CGY,D,17,1,9,10,+1,4,1,0,0,0,47,2.1,27:33,32.2,0.0
133,Brent Seabrook,CHI,D,18,1,9,10,+4,4,1,0,0,0,34,2.9,22:06,29.4,0.0
134,Niklas Kronwall,DET,D,16,1,9,10,+9,14,1,0,0,0,21,4.8,22:53,29.9,0.0
135,Mike Green,WSH,D,18,0,10,10,-4,18,0,0,0,0,49,0.0,24:23,23.3,0.0
136,Jay Bouwmeester,STL,D,15,0,10,10,+9,2,0,0,0,0,32,0.0,24:49,31.9,0.0
137,Cody Franson,TOR,D,17,0,10,10,-2,6,0,0,0,0,25,0.0,21:12,29.2,0.0
138,Patrice Bergeron,BOS,C,17,6,3,9,+4,10,1,1,2,0,53,11.3,18:16,25.2,58.5
139,Cody Eakin,DAL,C,17,5,4,9,-2,6,2,0,0,0,30,16.7,17:53,23.9,50.2
140,Andrew Cogliano,ANA,C,19,5,4,9,+6,8,0,0,0,0,39,12.8,15:22,22.1,12.5
141,Curtis Glencross,CGY,L,15,5,4,9,-4,6,1,0,2,0,30,16.7,18:52,26.4,39.3
142,Jeff Carter,LAK,C,14,5,4,9,-2,6,2,1,1,1,57,8.8,19:16,25.4,62.1
143,Todd Bertuzzi,DET,R,18,5,4,9,+1,10,3,0,0,0,34,14.7,14:56,20.8,75.0
144,Michael Bournival,MTL,L,15,5,4,9,+6,4,1,0,1,0,32,15.6,12:59,18.9,52.6
145,Drew Doughty,LAK,D,17,4,5,9,+2,22,2,0,1,0,48,8.3,25:33,32.3,0.0
146,Brian Gionta,MTL,R,17,4,5,9,-1,8,1,0,0,0,41,9.8,17:38,24.1,39.1
147,Devin Setoguchi,WPG,R,18,4,5,9,+3,4,1,0,1,0,39,10.3,14:44,20.4,50.0
148,Lee Stempniak,CGY,R,10,4,5,9,-2,6,0,1,0,0,35,11.4,18:21,25.6,20.0
149,Eric Staal,CAR,C,17,3,6,9,-9,20,0,0,0,0,59,5.1,21:08,25.4,48.5
150,Ales Hemsky,EDM,R,19,3,6,9,-12,2,0,0,0,0,33,9.1,17:36,25.6,0.0
151,Olli Jokinen,WPG,C,19,3,6,9,-1,12,0,0,0,0,31,9.7,14:44,20.6,44.6
152,Matt Cooke,MIN,L,18,3,6,9,+7,10,0,0,2,0,23,13.0,15:16,22.1,60.0
153,RJ Umberger,CBJ,L,16,3,6,9,-1,6,2,0,2,0,37,8.1,16:47,20.9,66.7
154,Colin Wilson,NSH,C,17,3,6,9,+0,4,2,0,1,0,21,14.3,15:47,20.1,25.0
155,Jaden Schwartz,STL,L,15,3,6,9,+3,9,0,0,0,0,30,10.0,16:13,23.4,50.0
156,Alex Tanguay,COL,L,13,3,6,9,+8,4,0,1,1,0,21,14.3,17:16,21.6,33.3
157,Jeff Skinner,CAR,L,10,3,6,9,+5,8,2,0,0,0,36,8.3,15:23,20.6,56.2
158,Brian Campbell,FLA,D,18,2,7,9,+2,6,0,0,0,0,23,8.7,25:51,28.0,0.0
159,Jason Garrison,VAN,D,20,2,7,9,-4,12,1,1,0,0,57,3.5,22:01,27.1,0.0
160,Cam Fowler,ANA,D,19,2,7,9,+1,4,2,0,0,0,32,6.3,22:30,28.7,0.0
161,Niklas Hjalmarsson,CHI,D,18,2,7,9,+8,6,0,1,0,0,23,8.7,21:14,29.7,0.0
162,Mats Zuccarello,NYR,L,16,2,7,9,+2,8,1,0,1,0,34,5.9,16:52,21.0,50.0
163,Mark Giordano,CGY,D,8,2,7,9,-3,8,1,0,0,0,18,11.1,25:03,32.8,0.0
164,Matthew Carle,TBL,D,17,1,8,9,+6,6,1,0,0,0,20,5.0,22:22,27.9,0.0
165,Matt Niskanen,PIT,D,17,1,8,9,+7,13,1,0,1,0,28,3.6,19:48,23.6,0.0
166,Kevin Bieksa,VAN,D,20,0,9,9,+9,14,0,0,0,0,39,0.0,22:44,26.8,0.0
167,Vincent Lecavalier,PHI,C,12,6,2,8,-7,15,3,0,1,0,29,20.7,16:35,20.7,39.1
168,Vladimir Tarasenko,STL,R,15,5,3,8,+4,0,2,0,0,0,26,19.2,14:35,20.5,0.0
169,Boyd Gordon,EDM,C,19,4,4,8,-8,4,1,0,0,0,26,15.4,15:32,27.4,59.0
170,Aleksander Barkov,FLA,C,18,4,4,8,-4,2,3,0,1,0,23,17.4,16:19,21.9,46.3
171,Josh Bailey,NYI,L,18,4,4,8,-2,2,0,0,1,0,27,14.8,15:34,18.8,40.0
172,Derek Roy,STL,C,15,4,4,8,-1,8,1,0,1,0,26,15.4,13:33,18.3,52.0
173,Brent Burns,SJS,R,8,4,4,8,+9,8,0,0,1,0,27,14.8,15:37,26.0,48.3
174,Carl Hagelin,NYR,L,7,4,4,8,+7,8,0,0,2,0,14,28.6,16:12,23.4,0.0
175,Alexander Semin,CAR,R,17,3,5,8,-4,12,2,0,0,0,48,6.3,20:17,24.5,0.0
176,Jonathan Huberdeau,FLA,C,18,3,5,8,-4,8,1,0,0,0,26,11.5,17:51,22.7,0.0
177,Rich Peverley,DAL,C,16,3,5,8,+2,2,0,0,1,1,34,8.8,17:51,23.8,59.5
178,Brayden Schenn,PHI,C,16,3,5,8,-5,22,1,0,1,0,29,10.3,16:01,19.0,39.8
179,Craig Smith,NSH,C,17,3,5,8,-7,4,1,0,1,1,50,6.0,14:56,19.4,0.0
180,Tobias Enstrom,WPG,D,19,2,6,8,+2,14,0,0,0,0,22,9.1,23:20,27.1,0.0
181,Kris Russell,CGY,D,17,2,6,8,+1,4,0,0,1,1,33,6.1,23:12,30.4,0.0
182,Nick Leddy,CHI,D,18,2,6,8,+7,2,1,0,0,0,23,8.7,16:30,21.2,0.0
183,Ryan Malone,TBL,L,17,2,6,8,+3,30,0,0,0,0,36,5.6,14:38,19.4,100.0
184,Michael Grabner,NYI,R,16,2,6,8,-1,6,0,0,0,0,31,6.5,14:33,19.9,50.0
185,Vladimir Sobotka,STL,C,15,2,6,8,+1,16,0,0,0,0,29,6.9,15:19,22.1,65.8
186,Chris Kreider,NYR,L,10,2,6,8,+3,6,1,0,0,0,24,8.3,17:44,22.4,0.0
187,Claude Giroux,PHI,C,16,1,7,8,-9,10,0,0,1,0,35,2.9,22:15,27.3,50.5
188,Ray Whitney,DAL,L,17,1,7,8,-3,6,0,0,0,0,35,2.9,17:09,21.7,100.0
189,Jake Muzzin,LAK,D,12,1,7,8,-3,12,0,0,0,0,21,4.8,17:11,25.4,0.0
190,Jason Demers,SJS,D,17,0,8,8,+6,8,0,0,0,0,23,0.0,18:54,24.3,0.0
191,Adam Henrique,NJD,C,17,5,2,7,+2,2,1,1,1,0,25,20.0,18:20,24.8,41.8
192,Marcel Goc,FLA,C,18,5,2,7,-8,21,0,0,1,0,23,21.7,16:36,23.3,51.2
193,Michael Ryder,NJD,R,17,5,2,7,-5,8,3,0,0,0,27,18.5,16:41,21.1,16.7
194,Brad Boyes,FLA,R,17,5,2,7,-2,4,1,0,0,0,35,14.3,14:39,18.4,11.1
195,Ryan Callahan,NYR,R,9,5,2,7,+0,2,3,0,0,0,21,23.8,18:11,23.8,33.3
196,Shea Weber,NSH,D,17,4,3,7,-8,16,3,0,0,0,35,11.4,26:31,31.2,0.0
197,Nathan Gerbe,CAR,L,17,4,3,7,-5,16,2,0,1,0,54,7.4,18:07,23.5,50.0
198,Tyler Johnson,TBL,C,17,4,3,7,-3,0,2,0,1,0,41,9.8,16:38,22.9,51.6
199,Artem Anisimov,CBJ,C,16,4,3,7,-4,4,0,1,0,0,33,12.1,17:34,21.7,51.3
200,Cam Atkinson,CBJ,R,16,4,3,7,-3,2,1,0,1,0,56,7.1,16:43,20.0,0.0
201,Rob Klinkhammer,PHX,C,18,4,3,7,+11,6,0,0,1,0,29,13.8,12:41,18.0,50.0
202,Damien Brunner,NJD,R,16,4,3,7,-7,10,2,0,0,0,43,9.3,14:15,19.5,0.0
203,Emerson Etem,ANA,R,16,4,3,7,+3,2,1,1,1,0,23,17.4,12:28,17.1,0.0
204,Jesse Winchester,FLA,C,16,4,3,7,+0,25,0,0,0,0,32,12.5,12:01,18.8,46.3
205,Jakob Silfverberg,ANA,R,11,4,3,7,+5,6,0,0,0,0,35,11.4,14:33,20.3,50.0
206,Brenden Dillon,DAL,D,17,3,4,7,+3,17,0,1,0,0,26,11.5,20:55,25.2,0.0
207,Dustin Brown,LAK,R,17,3,4,7,+5,10,1,0,0,0,45,6.7,16:56,22.9,28.6
208,Derick Brassard,NYR,C,17,3,4,7,-3,4,1,0,2,1,24,12.5,15:50,21.2,46.8
209,Pierre-Marc Bouchard,NYI,C,17,3,4,7,-3,6,1,0,0,0,29,10.3,14:05,18.2,0.0
210,Teemu Selanne,ANA,R,14,3,4,7,+0,0,1,0,1,0,35,8.6,14:38,18.1,51.7
211,Patrik Elias,NJD,L,10,3,4,7,+2,4,0,1,0,0,27,11.1,18:56,25.4,43.4
212,Brandon Pirri,CHI,C,13,3,4,7,+4,2,1,0,0,0,16,18.8,11:51,15.8,43.9
213,Seth Jones,NSH,D,17,2,5,7,-5,4,1,0,1,0,26,7.7,24:40,29.2,0.0
214,Dion Phaneuf,TOR,D,17,2,5,7,+9,16,0,0,0,0,24,8.3,24:18,29.8,0.0
215,Andrej Sekera,CAR,D,17,2,5,7,-8,8,1,0,0,0,29,6.9,23:25,28.5,0.0
216,Victor Hedman,TBL,D,17,2,5,7,+0,15,0,0,1,0,25,8.0,20:55,26.4,0.0
217,Erik Johnson,COL,D,16,2,5,7,+10,18,1,0,0,0,24,8.3,20:56,26.6,0.0
218,Kris Versteeg,FLA,R,17,2,5,7,-8,9,0,0,0,0,47,4.3,15:56,21.0,50.0
219,Marcus Kruger,CHI,C,18,2,5,7,+4,10,0,0,0,0,15,13.3,13:48,21.6,52.6
220,Mike Fisher,NSH,C,11,2,5,7,-2,23,0,0,0,0,23,8.7,17:07,22.5,48.3
221,Justin Schultz,EDM,D,14,1,6,7,-10,4,0,0,0,0,20,5.0,22:01,24.5,0.0
222,Ryan Stanton,VAN,D,20,1,6,7,+3,13,0,0,0,0,22,4.5,13:54,18.8,0.0
223,Steve Downie,"COL, PHI",R,12,1,6,7,+3,53,1,0,1,0,28,3.6,16:11,19.8,0.0
224,Devante Smith-Pelly,ANA,R,10,1,6,7,+8,0,0,0,0,0,10,10.0,12:55,17.4,0.0
225,Christopher Tanev,VAN,D,20,0,7,7,+4,4,0,0,0,0,18,0.0,19:10,26.7,0.0
226,Raphael Diaz,MTL,D,18,0,7,7,+3,6,0,0,0,0,17,0.0,20:44,27.9,0.0
227,Andre Benoit,COL,D,16,0,7,7,+1,0,0,0,0,0,25,0.0,20:53,27.1,0.0
228,David Moss,PHX,R,18,0,7,7,+6,2,0,0,0,0,36,0.0,15:31,23.4,55.0
229,Richard Panik,TBL,R,16,0,7,7,-8,8,0,0,0,0,13,0.0,14:19,18.8,33.3
230,Justin Fontaine,MIN,R,18,6,0,6,+6,10,0,0,1,0,31,19.4,12:12,17.2,100.0
231,Troy Brouwer,WSH,R,18,5,1,6,-2,22,4,0,0,0,31,16.1,19:00,24.2,46.7
232,Rene Bourque,MTL,R,18,5,1,6,+0,12,3,0,1,0,37,13.5,16:13,20.7,0.0
233,Bryan Bickell,CHI,L,18,5,1,6,+2,10,0,0,0,0,29,17.2,13:26,18.2,50.0
234,Dan Hamhuis,VAN,D,20,4,2,6,+1,8,0,0,0,0,36,11.1,22:07,27.5,0.0
235,Dwight King,LAK,L,17,4,2,6,+1,4,0,1,0,0,22,18.2,14:43,20.3,100.0
236,Dan Boyle,SJS,D,10,4,2,6,+0,4,3,0,0,0,37,10.8,20:32,23.8,0.0
237,Kyle Palmieri,ANA,R,17,4,2,6,-1,9,0,0,2,0,32,12.5,11:01,15.0,25.0
238,Zdeno Chara,BOS,D,17,3,3,6,+0,12,3,0,0,0,38,7.9,24:39,28.4,0.0
239,Jonas Brodin,MIN,D,15,3,3,6,+1,4,2,0,0,0,9,33.3,24:30,28.4,0.0
240,Dougie Hamilton,BOS,D,15,3,3,6,+6,6,2,0,1,0,34,8.8,19:43,24.5,0.0
241,Jiri Tlusty,CAR,L,17,3,3,6,-1,4,0,0,1,0,32,9.4,15:51,21.6,20.0
242,Joakim Andersson,DET,C,18,3,3,6,-5,2,0,0,0,0,17,17.6,14:12,20.7,53.7
243,Tyler Bozak,TOR,C,11,3,3,6,+5,2,2,1,0,0,12,25.0,21:16,28.9,46.2
244,Jamie McGinn,COL,L,13,3,3,6,+3,8,0,0,0,0,20,15.0,14:06,19.9,0.0
245,Nick Foligno,CBJ,L,11,3,3,6,+3,13,0,0,1,0,16,18.8,15:25,18.7,50.0
246,Alexander Edler,VAN,D,17,2,4,6,-7,12,0,0,0,0,49,4.1,24:29,29.5,0.0
247,Drew Stafford,BUF,R,19,2,4,6,-4,6,0,0,0,0,44,4.5,17:00,20.7,40.0
248,Ryan Murphy,CAR,D,16,2,4,6,+0,4,1,0,0,0,28,7.1,19:25,22.1,0.0
249,Grant Clitsome,WPG,D,15,2,4,6,-8,8,0,0,0,0,19,10.5,20:21,25.1,0.0
250,Tyler Kennedy,SJS,R,17,2,4,6,+3,15,0,0,0,0,42,4.8,15:52,23.4,41.1
251,Marcus Foligno,BUF,L,16,2,4,6,-8,18,0,0,0,0,18,11.1,16:24,19.6,47.9
252,Brad Marchand,BOS,L,17,2,4,6,-1,12,0,0,2,0,25,8.0,15:10,20.9,0.0
253,Mikael Backlund,CGY,C,16,2,4,6,-3,6,0,1,0,0,29,6.9,15:58,22.9,46.2
254,Justin Abdelkader,DET,L,18,2,4,6,+0,4,0,0,1,0,45,4.4,14:03,19.1,50.0
255,Brandon Sutter,PIT,C,17,2,4,6,-2,4,0,0,0,0,25,8.0,14:36,20.3,52.7
256,Loui Eriksson,BOS,L,12,2,4,6,+4,2,0,0,1,0,27,7.4,17:00,21.3,0.0
257,Matthew Nieto,SJS,L,15,2,4,6,+0,2,0,0,1,0,30,6.7,11:49,18.5,0.0
258,Andrew MacDonald,NYI,D,18,1,5,6,-6,10,0,0,1,0,22,4.5,26:41,28.3,0.0
259,Travis Hamonic,NYI,D,18,1,5,6,-3,14,0,0,0,0,38,2.6,24:39,27.4,0.0
260,Paul Martin,PIT,D,16,1,5,6,+0,8,0,0,0,0,20,5.0,25:51,26.9,0.0
261,Brooks Orpik,PIT,D,17,1,5,6,+4,8,0,0,0,0,14,7.1,22:41,26.0,0.0
262,Danny DeKeyser,DET,D,18,1,5,6,+6,10,0,1,0,0,23,4.3,21:05,30.5,0.0
263,Jared Spurgeon,MIN,D,18,1,5,6,+2,4,1,0,0,0,26,3.8,21:05,28.6,0.0
264,Johnny Oduya,CHI,D,18,1,5,6,+5,4,0,0,1,0,19,5.3,20:34,29.3,0.0
265,Jakub Kindl,DET,D,18,1,5,6,-4,6,0,0,0,0,29,3.4,19:02,25.7,0.0
266,Radko Gudas,TBL,D,17,1,5,6,+6,57,1,0,0,0,26,3.8,19:58,25.2,0.0
267,Daniel Winnik,ANA,C,19,1,5,6,+0,8,0,0,0,0,30,3.3,15:39,21.7,42.4
268,Fedor Tyutin,CBJ,D,13,1,5,6,-3,4,0,0,0,0,15,6.7,20:53,24.3,0.0
269,Brian Boyle,NYR,C,17,1,5,6,-1,14,0,0,0,0,42,2.4,15:36,22.5,56.4
270,Eric Fehr,WSH,R,14,1,5,6,-5,4,0,0,0,0,23,4.3,13:08,17.8,47.3
271,Carl Soderberg,BOS,C,11,1,5,6,+3,6,0,0,0,0,11,9.1,13:04,17.5,0.0
272,Justin Faulk,CAR,D,17,0,6,6,-5,6,0,0,0,0,24,0.0,23:57,29.6,0.0
273,Mark Streit,PHI,D,16,0,6,6,-6,6,0,0,0,0,26,0.0,20:10,25.0,0.0
274,Patrick Wiercioch,OTT,D,13,0,6,6,+2,6,0,0,0,0,23,0.0,16:57,21.8,0.0
275,Eric Nystrom,NSH,L,17,4,1,5,-4,21,0,1,1,0,33,12.1,16:03,21.8,0.0
276,Zack Kassian,VAN,R,15,4,1,5,+1,26,0,0,0,0,18,22.2,12:25,16.9,33.3
277,Mika Zibanejad,OTT,C,9,4,1,5,-1,2,1,0,0,0,21,19.0,13:28,18.1,47.6
278,John Carlson,WSH,D,18,3,2,5,-5,4,1,0,0,0,43,7.0,23:06,26.7,0.0
279,Matt Read,PHI,R,16,3,2,5,-7,6,0,1,0,0,43,7.0,19:32,24.8,25.0
280,Chris Kelly,BOS,C,17,3,2,5,+2,6,0,1,0,0,15,20.0,15:06,21.1,49.6
281,Ondrej Palat,TBL,L,17,3,2,5,-1,2,0,0,1,0,24,12.5,14:04,19.9,6.7
282,David Jones,CGY,R,13,3,2,5,-3,8,0,0,0,0,29,10.3,17:14,25.2,63.3
283,Craig Adams,PIT,R,17,3,2,5,+2,13,0,0,0,0,24,12.5,12:46,17.4,33.3
284,Jeff Petry,EDM,D,19,2,3,5,-11,10,0,0,0,0,22,9.1,22:10,27.2,0.0
285,Jack Johnson,CBJ,D,16,2,3,5,-8,14,2,0,0,0,29,6.9,22:52,24.2,0.0
286,Jan Hejda,COL,D,16,2,3,5,+16,4,0,0,0,0,23,8.7,22:38,29.2,0.0
287,Slava Voynov,LAK,D,17,2,3,5,-2,8,0,0,0,0,34,5.9,20:45,26.1,0.0
288,Tyler Ennis,BUF,C,19,2,3,5,-6,8,1,0,0,0,32,6.3,18:04,19.8,46.3
289,Kyle Brodziak,MIN,C,18,2,3,5,+3,8,0,0,0,0,24,8.3,16:23,23.7,56.8
290,Travis Zajac,NJD,C,15,2,3,5,-3,4,1,0,0,0,28,7.1,18:51,24.9,50.6
291,Shawn Horcoff,DAL,C,17,2,3,5,-3,18,1,0,0,0,22,9.1,14:16,19.1,46.4
292,Johan Franzen,DET,C,13,2,3,5,-2,8,2,0,1,0,26,7.7,16:34,21.8,59.2
293,Scottie Upshall,FLA,R,15,2,3,5,-5,14,0,0,0,0,19,10.5,14:01,20.1,16.7
294,Chris Stewart,STL,R,15,2,3,5,-1,48,0,0,0,0,31,6.5,13:35,18.8,66.7
295,Tanner Glass,PIT,L,17,2,3,5,+0,29,0,0,0,0,16,12.5,11:20,15.5,66.7
296,Vernon Fiddler,DAL,C,17,2,3,5,-5,6,0,0,0,0,21,9.5,11:07,18.3,53.7
297,Nick Bjugstad,FLA,C,12,2,3,5,+1,6,0,0,0,0,20,10.0,13:07,18.9,52.8
298,Brock Nelson,NYI,C,12,2,3,5,+0,4,1,0,0,0,11,18.2,10:42,14.9,100.0
299,Ben Smith,CHI,R,11,2,3,5,+3,0,0,0,0,0,11,18.2,10:16,14.5,28.6
300,Tyler Toffoli,LAK,C,3,2,3,5,+3,0,0,0,1,0,11,18.2,17:27,21.7,0.0
301,Andy Greene,NJD,D,17,1,4,5,-4,4,1,0,1,0,23,4.3,24:51,29.5,0.0
302,Hampus Lindholm,ANA,D,17,1,4,5,+15,6,0,0,0,0,31,3.2,19:16,24.7,0.0
303,Paul Ranger,TOR,D,17,1,4,5,+5,16,0,1,0,0,18,5.6,19:12,26.2,0.0
304,Sami Salo,TBL,D,16,1,4,5,+3,10,0,0,0,0,13,7.7,20:06,27.2,0.0
305,Sami Vatanen,ANA,D,16,1,4,5,+3,6,0,0,0,0,25,4.0,18:12,24.1,0.0
306,Mark Scheifele,WPG,C,19,1,4,5,-1,0,1,0,0,0,27,3.7,15:14,18.4,39.8
307,TJ Galiardi,CGY,L,17,1,4,5,-2,12,0,0,0,0,30,3.3,16:52,25.1,44.4
308,Jakub Voracek,PHI,R,16,1,4,5,-1,2,0,0,0,0,29,3.4,17:51,21.8,0.0
309,Wayne Simmonds,PHI,R,16,1,4,5,-10,31,1,0,0,0,34,2.9,16:22,20.1,0.0
310,Patrik Berglund,STL,C,15,1,4,5,+2,10,0,0,0,0,28,3.6,16:07,23.9,47.4
311,Valeri Nichushkin,DAL,R,16,1,4,5,+0,4,0,0,0,0,20,5.0,14:57,18.9,0.0
312,Zemgus Girgensons,BUF,C,18,1,4,5,+0,2,0,0,0,0,23,4.3,13:17,17.3,66.7
313,Erik Cole,DAL,L,17,1,4,5,-11,4,0,0,0,0,23,4.3,13:36,18.4,46.2
314,Sven Baertschi,CGY,L,14,1,4,5,-1,2,0,0,0,0,16,6.3,13:50,19.1,0.0
315,Andrew Desjardins,SJS,C,17,1,4,5,+0,26,0,0,0,0,22,4.5,10:12,14.9,53.0
316,Matt Stajan,CGY,C,9,1,4,5,-1,6,0,0,0,0,7,14.3,18:48,28.4,50.0
317,James Sheppard,SJS,L,15,1,4,5,-1,12,0,0,0,0,18,5.6,10:43,16.4,33.3
318,Eric Gelinas,NJD,D,8,1,4,5,+1,2,1,0,0,0,23,4.3,18:54,25.8,0.0
319,Filip Forsberg,NSH,C,11,1,4,5,-8,2,1,0,0,0,20,5.0,11:51,15.1,0.0
320,Cody McCormick,BUF,C,15,1,4,5,-2,34,0,0,0,0,15,6.7,8:17,11.9,46.2
321,Philip Larsen,EDM,D,5,1,4,5,-4,2,0,0,0,0,12,8.3,21:28,24.8,0.0
322,Joe Corvo,OTT,D,7,1,4,5,+2,2,0,0,0,0,13,7.7,14:56,20.1,0.0
323,Francois Beauchemin,ANA,D,19,0,5,5,+17,17,0,0,0,0,17,0.0,22:15,27.3,0.0
324,Dennis Seidenberg,BOS,D,17,0,5,5,+11,4,0,0,0,0,30,0.0,22:16,27.4,0.0
325,Bryan Allen,ANA,D,19,0,5,5,+11,21,0,0,0,0,19,0.0,18:58,25.7,0.0
326,Chris Phillips,OTT,D,17,0,5,5,+0,6,0,0,0,0,28,0.0,20:57,26.6,0.0
327,Nicklas Grossmann,PHI,D,16,0,5,5,-2,12,0,0,0,0,12,0.0,19:18,26.4,0.0
328,Morgan Rielly,TOR,D,14,0,5,5,-3,6,0,0,0,0,21,0.0,17:28,24.9,0.0
329,Martin Erat,WSH,R,18,0,5,5,+0,2,0,0,0,0,12,0.0,12:56,18.0,50.0
330,Zack Smith,OTT,C,17,3,1,4,+0,23,0,0,1,0,28,10.7,15:33,22.4,54.9
331,Kris Letang,PIT,D,8,3,1,4,-4,8,3,0,1,0,21,14.3,24:30,25.1,0.0
332,Ryan Smyth,EDM,L,12,3,1,4,-8,8,1,0,0,0,29,10.3,15:06,21.1,30.0
333,Jordan Nolan,LAK,C,14,3,1,4,+0,10,0,0,0,0,16,18.8,8:34,12.1,0.0
334,Justin Braun,SJS,D,17,2,2,4,+11,4,1,0,1,0,24,8.3,22:01,28.8,0.0
335,Steve Ott,BUF,C,19,2,2,4,-9,26,1,0,1,0,34,5.9,19:11,23.2,48.2
336,Marc Methot,OTT,D,17,2,2,4,-1,8,0,0,1,0,24,8.3,20:52,26.8,0.0
337,Ron Hainsey,CAR,D,17,2,2,4,-5,4,0,0,1,0,21,9.5,20:08,26.4,0.0
338,Jordan Staal,CAR,C,17,2,2,4,-3,6,1,0,0,0,32,6.3,19:31,26.6,51.0
339,Scott Hannan,SJS,D,16,2,2,4,+3,8,0,0,0,0,17,11.8,18:56,24.6,0.0
340,Dany Heatley,MIN,L,18,2,2,4,+0,10,2,0,0,0,31,6.5,15:22,19.2,60.0
341,Matt Cullen,NSH,C,17,2,2,4,-7,8,0,0,0,0,35,5.7,16:15,21.2,57.3
342,Dainius Zubrus,NJD,C,17,2,2,4,+3,12,0,0,0,0,22,9.1,16:07,22.6,51.7
343,Nail Yakupov,EDM,R,17,2,2,4,-14,8,2,0,0,0,31,6.5,15:28,21.4,0.0
344,Benoit Pouliot,NYR,L,17,2,2,4,+0,29,1,0,1,0,25,8.0,12:51,19.1,77.8
345,Jarret Stoll,LAK,C,15,2,2,4,+1,10,1,0,0,0,20,10.0,14:30,21.9,55.7
346,Patrick Maroon,ANA,L,14,2,2,4,+4,17,0,0,0,0,27,7.4,12:40,15.6,50.0
347,Jannik Hansen,VAN,R,11,2,2,4,-2,8,0,0,1,0,20,10.0,16:01,21.8,14.3
348,Brandon Bollig,CHI,L,18,2,2,4,+4,27,0,0,1,0,23,8.7,9:08,14.2,0.0
349,Kyle Chipchura,PHX,C,18,2,2,4,-4,18,0,0,0,0,14,14.3,9:04,13.0,49.4
350,TJ Brodie,CGY,D,17,1,3,4,-6,0,1,0,1,0,27,3.7,23:38,31.8,0.0
351,Tyler Myers,BUF,D,19,1,3,4,-8,31,0,0,0,0,25,4.0,21:02,25.8,0.0
352,Josh Gorges,MTL,D,18,1,3,4,+2,4,0,0,0,0,11,9.1,20:36,27.3,0.0
353,Thomas Hickey,NYI,D,18,1,3,4,+4,10,0,0,0,0,24,4.2,18:03,23.9,0.0
354,Jordie Benn,DAL,D,17,1,3,4,+1,0,1,0,0,0,27,3.7,18:47,24.4,100.0
355,Cory Sarich,COL,D,16,1,3,4,+7,17,0,0,0,0,12,8.3,17:58,25.3,0.0
356,Michael Del Zotto,NYR,D,15,1,3,4,-3,2,0,0,0,0,23,4.3,18:36,23.2,0.0
357,Matt Donovan,NYI,D,15,1,3,4,-4,4,1,0,0,0,22,4.5,17:00,21.9,0.0
358,Mark Letestu,CBJ,C,16,1,3,4,-3,2,1,0,0,0,19,5.3,15:08,19.8,52.6
359,Andrei Loktionov,NJD,C,16,1,3,4,-2,2,0,0,1,0,13,7.7,14:24,19.1,42.4
360,Peter Regin,NYI,C,18,1,3,4,-3,16,0,0,0,0,20,5.0,12:27,17.3,42.2
361,Jamie McBain,BUF,D,11,1,3,4,-4,2,1,0,0,0,10,10.0,19:28,22.5,0.0
362,Matt Frattin,LAK,R,16,1,3,4,-6,9,0,0,0,0,20,5.0,12:56,17.8,50.0
363,Ryan Ellis,NSH,D,15,1,3,4,+0,6,0,0,1,0,19,5.3,13:47,18.2,0.0
364,Scott Gomez,FLA,C,15,1,3,4,-4,8,0,0,0,0,14,7.1,13:41,18.1,40.2
365,Joe Colborne,CGY,C,16,1,3,4,-1,4,0,0,0,0,16,6.3,12:49,18.3,42.2
366,Torrey Mitchell,MIN,C,18,1,3,4,-1,6,0,0,0,0,22,4.5,10:17,16.6,55.6
367,Matt Halischuk,WPG,R,16,1,3,4,-4,4,0,0,1,0,19,5.3,10:47,15.4,0.0
368,Erik Condra,OTT,R,13,1,3,4,-4,2,0,0,0,0,6,16.7,10:58,16.5,0.0
369,Christian Ehrhoff,BUF,D,18,0,4,4,-3,4,0,0,0,0,32,0.0,24:10,26.7,0.0
370,Zbynek Michalek,PHX,D,18,0,4,4,+8,10,0,0,0,0,26,0.0,21:53,28.1,0.0
371,Tom Gilbert,FLA,D,18,0,4,4,+1,2,0,0,0,0,25,0.0,21:19,26.1,0.0
372,Mattias Ekholm,NSH,D,17,0,4,4,-4,0,0,0,0,0,18,0.0,18:33,24.7,0.0
373,Steve Oleksy,WSH,D,16,0,4,4,+1,34,0,0,0,0,15,0.0,15:48,19.8,0.0
374,David Savard,CBJ,D,13,0,4,4,+4,2,0,0,0,0,13,0.0,17:31,20.6,0.0
375,Ryan Wilson,COL,D,10,0,4,4,+2,4,0,0,0,0,8,0.0,16:48,22.8,0.0
376,Joe Vitale,PIT,C,16,0,4,4,+1,13,0,0,0,0,11,0.0,10:02,13.9,55.8
377,Keith Ballard,MIN,D,9,0,4,4,+6,9,0,0,0,0,6,0.0,15:54,20.9,0.0
378,Paul Gaustad,NSH,C,17,3,0,3,-3,12,0,0,0,0,19,15.8,14:42,21.5,59.8
379,Michael Stone,PHX,D,12,3,0,3,-3,0,1,0,1,0,14,21.4,18:51,24.0,0.0
380,Radek Dvorak,CAR,R,14,3,0,3,+5,8,0,0,2,0,12,25.0,12:48,18.8,80.0
381,Tye McGinn,PHI,L,6,3,0,3,+1,4,0,0,0,0,8,37.5,12:39,17.2,0.0
382,Braydon Coburn,PHI,D,16,2,1,3,-5,10,0,0,2,0,15,13.3,22:07,29.1,0.0
383,Jared Cowen,OTT,D,17,2,1,3,+3,16,0,0,0,0,8,25.0,20:27,26.2,0.0
384,Alex Goligoski,DAL,D,16,2,1,3,-7,8,1,0,0,0,26,7.7,21:18,25.0,0.0
385,Brooks Laich,WSH,C,18,2,1,3,-9,2,0,0,1,0,28,7.1,17:47,23.7,45.4
386,Ryan Murray,CBJ,D,16,2,1,3,+3,4,1,0,0,0,15,13.3,18:06,21.3,0.0
387,Brian Flynn,BUF,C,19,2,1,3,-3,0,0,0,0,0,27,7.4,15:01,19.7,40.9
388,Stephen Weiss,DET,C,17,2,1,3,-3,6,0,0,1,1,22,9.1,15:44,22.4,51.7
389,Henrik Tallinder,BUF,D,14,2,1,3,-5,14,0,0,0,0,13,15.4,18:30,24.1,100.0
390,Matt Greene,LAK,D,15,2,1,3,+5,8,0,0,0,0,14,14.3,16:51,25.1,0.0
391,Lauri Korpikoski,PHX,L,15,2,1,3,-3,12,0,0,0,0,23,8.7,15:40,22.6,25.0
392,John Mitchell,COL,C,16,2,1,3,+0,4,0,0,1,0,23,8.7,14:29,19.0,53.1
393,Cory Conacher,OTT,L,17,2,1,3,+4,6,0,0,1,1,21,9.5,12:06,17.1,100.0
394,Derek Dorsett,NYR,R,17,2,1,3,-4,73,0,0,0,0,27,7.4,11:48,16.9,0.0
395,Saku Koivu,ANA,C,12,2,1,3,-1,2,0,0,0,0,13,15.4,15:33,22.6,50.5
396,Daniel Paille,BOS,L,17,2,1,3,+0,0,0,0,0,0,10,20.0,10:23,14.2,75.0
397,Mikhail Grigorenko,BUF,C,14,2,1,3,-3,2,0,0,0,0,17,11.8,11:25,14.6,51.5
398,Max Pacioretty,MTL,L,9,2,1,3,-5,4,1,0,0,0,32,6.3,17:06,23.6,0.0
399,Tomas Tatar,DET,L,10,2,1,3,+1,0,0,0,1,0,19,10.5,12:51,17.9,50.0
400,Will Acton,EDM,C,16,2,1,3,+2,14,0,0,0,0,10,20.0,7:46,14.7,47.2
401,Ryan Jones,EDM,L,11,2,1,3,+2,13,0,0,1,0,17,11.8,10:40,17.5,0.0
402,Ryan Reaves,STL,R,15,2,1,3,+4,50,0,0,0,0,9,22.2,7:35,11.3,100.0
403,Brandon Prust,MTL,L,8,2,1,3,+3,12,0,0,2,0,10,20.0,13:07,18.4,33.3
404,Brenden Morrow,STL,L,9,2,1,3,-2,12,1,0,1,0,10,20.0,11:11,16.6,0.0
405,Patrick Bordeleau,COL,L,16,2,1,3,+4,19,0,0,1,0,3,66.7,5:15,7.9,0.0
406,Jayson Megna,PIT,C,6,2,1,3,+0,0,0,0,0,0,11,18.2,11:30,15.2,0.0
407,Dmitry Kulikov,FLA,D,18,1,2,3,-9,29,0,0,0,0,21,4.8,19:59,23.6,0.0
408,Trevor Daley,DAL,D,17,1,2,3,-4,14,0,0,0,0,30,3.3,19:13,24.2,0.0
409,Chris Butler,CGY,D,17,1,2,3,-3,6,0,0,0,0,28,3.6,18:54,26.0,0.0
410,Daniel Cleary,DET,R,18,1,2,3,+1,8,0,0,1,0,22,4.5,14:37,21.3,20.0
411,Olli Maatta,PIT,D,17,1,2,3,-1,4,0,0,0,0,18,5.6,14:52,19.8,0.0
412,Shawn Matthias,FLA,C,18,1,2,3,-4,6,0,0,0,0,27,3.7,13:35,18.4,40.7
413,Jay Harrison,CAR,D,16,1,2,3,+1,17,0,0,0,0,18,5.6,15:16,19.6,0.0
414,Adam McQuaid,BOS,D,15,1,2,3,+7,33,0,0,0,0,8,12.5,15:26,21.9,0.0
415,Steve Bernier,NJD,R,17,1,2,3,-8,0,0,0,0,0,30,3.3,13:36,19.4,60.0
416,David Schlemko,PHX,D,12,1,2,3,+0,8,0,0,0,0,22,4.5,17:07,23.3,0.0
417,Gabriel Bourque,NSH,L,15,1,2,3,-5,2,0,0,0,0,24,4.2,13:33,19.3,0.0
418,Jonathan Ericsson,DET,D,9,1,2,3,+4,8,0,0,0,0,12,8.3,22:09,30.2,0.0
419,Nick Spaling,NSH,C,13,1,2,3,-1,4,0,1,0,0,15,6.7,14:56,21.5,55.6
420,Antoine Roussel,DAL,L,17,1,2,3,-5,52,0,0,0,0,18,5.6,11:16,16.8,33.3
421,Nate Thompson,TBL,C,17,1,2,3,+5,13,0,1,0,0,18,5.6,10:47,17.0,53.4
422,Eric Gryba,OTT,D,10,1,2,3,+5,8,0,0,0,0,11,9.1,16:27,23.6,0.0
423,Lubomir Visnovsky,NYI,D,8,1,2,3,+3,2,1,0,0,0,11,9.1,20:00,21.4,0.0
424,Eric Tangradi,WPG,L,15,1,2,3,-1,11,0,0,0,0,23,4.3,10:20,14.7,100.0
425,David Booth,VAN,L,11,1,2,3,+3,0,0,0,0,0,12,8.3,13:11,18.1,50.0
426,Tom Wilson,WSH,R,18,1,2,3,-1,42,1,0,0,0,24,4.2,7:16,10.7,0.0
427,Erik Gustafsson,PHI,D,7,1,2,3,+0,0,0,0,0,0,14,7.1,18:35,24.3,0.0
428,Michal Handzus,CHI,C,9,1,2,3,+0,6,0,0,1,0,9,11.1,13:18,18.3,53.6
429,Daniel Briere,MTL,C,8,1,2,3,+2,8,1,0,0,0,14,7.1,13:47,17.8,51.1
430,Dale Weise,VAN,R,12,1,2,3,-4,2,0,0,0,0,5,20.0,7:46,11.3,0.0
431,Zach Bogosian,WPG,D,19,0,3,3,+7,14,0,0,0,0,49,0.0,23:07,27.4,0.0
432,Kyle Quincey,DET,D,18,0,3,3,-9,14,0,0,0,0,25,0.0,20:30,28.7,0.0
433,Jake Gardiner,TOR,D,17,0,3,3,+2,6,0,0,0,0,18,0.0,19:38,24.6,0.0
434,Johnny Boychuk,BOS,D,16,0,3,3,+7,8,0,0,0,0,25,0.0,20:45,25.7,0.0
435,Anton Belov,EDM,D,17,0,3,3,-7,22,0,0,0,0,18,0.0,19:22,23.6,0.0
436,Sean Couturier,PHI,C,16,0,3,3,-1,4,0,0,0,0,24,0.0,18:16,24.2,53.2
437,Anton Volchenkov,NJD,D,16,0,3,3,+2,8,0,0,0,0,13,0.0,17:17,22.1,0.0
438,Eric Brewer,TBL,D,17,0,3,3,+1,12,0,0,0,0,8,0.0,16:06,21.8,0.0
439,Nate Schmidt,WSH,D,14,0,3,3,+0,6,0,0,0,0,22,0.0,19:01,20.4,0.0
440,Marco Scandella,MIN,D,15,0,3,3,+5,8,0,0,0,0,18,0.0,17:30,25.6,0.0
441,Matt Irwin,SJS,D,14,0,3,3,+2,13,0,0,0,0,40,0.0,18:31,24.7,0.0
442,Clayton Stoner,MIN,D,16,0,3,3,+6,20,0,0,0,0,14,0.0,15:26,21.1,0.0
443,Colin Greening,OTT,L,17,0,3,3,+0,6,0,0,0,0,16,0.0,12:43,18.5,25.0
444,Brad Stuart,SJS,D,11,0,3,3,+1,6,0,0,0,0,14,0.0,19:19,26.0,0.0
445,Michal Rozsival,CHI,D,9,0,3,3,+2,10,0,0,0,0,7,0.0,15:17,20.7,0.0
446,Marc-Andre Cliche,COL,C,10,0,3,3,+3,0,0,0,0,0,9,0.0,8:31,13.4,28.1
447,Cody McLeod,COL,L,11,0,3,3,+4,32,0,0,0,0,8,0.0,7:43,11.4,0.0
448,Paul Bissonnette,PHX,L,12,0,3,3,+2,7,0,0,0,0,4,0.0,4:31,6.8,100.0
449,Tim Kennedy,PHX,L,6,0,3,3,+1,0,0,0,0,0,3,0.0,7:20,10.8,23.5
450,Rick Nash,NYR,L,3,0,3,3,+0,5,0,0,0,0,9,0.0,13:00,19.7,0.0
451,Matt Martin,NYI,L,18,2,0,2,-5,22,0,0,0,0,37,5.4,13:39,18.9,33.3
452,Chris Neil,OTT,R,17,2,0,2,+1,39,0,0,0,0,21,9.5,11:48,17.3,0.0
453,Scott Hartnell,PHI,L,12,2,0,2,-3,6,1,0,0,0,31,6.5,16:15,19.1,0.0
454,Chuck Kobasew,PIT,R,12,2,0,2,+3,2,0,0,2,0,18,11.1,12:32,17.1,50.0
455,Boone Jenner,CBJ,C,9,2,0,2,+0,10,2,0,0,0,16,12.5,13:08,16.3,100.0
456,Deryk Engelland,PIT,D,11,2,0,2,-5,17,0,0,1,0,11,18.2,9:11,13.1,0.0
457,Taylor Fedun,EDM,D,4,2,0,2,-1,0,0,0,0,0,6,33.3,12:12,16.3,0.0
458,Cam Janssen,NJD,R,3,2,0,2,+2,0,0,0,0,0,3,66.7,4:53,8.0,0.0
459,Stephane Robidas,DAL,D,17,1,1,2,+3,10,0,0,0,0,23,4.3,20:26,25.4,0.0
460,Marc Staal,NYR,D,17,1,1,2,-6,4,1,0,0,0,22,4.5,19:58,26.4,100.0
461,Ladislav Smid,EDM,D,17,1,1,2,-6,16,0,0,0,0,6,16.7,17:53,23.9,0.0
462,John Moore,NYR,D,17,1,1,2,+1,8,0,0,1,0,30,3.3,16:22,21.5,0.0
463,Maxime Talbot,"PHI, COL",C,16,1,1,2,+0,6,0,0,0,0,24,4.2,15:26,21.3,56.5
464,Riley Nash,CAR,C,16,1,1,2,+1,0,0,0,0,0,14,7.1,13:44,20.6,45.7
465,Drew Miller,DET,L,18,1,1,2,-9,7,0,0,0,0,18,5.6,12:04,17.2,60.0
466,Matt Gilroy,FLA,D,12,1,1,2,-3,4,0,0,0,0,22,4.5,17:00,21.8,0.0
467,Blake Comeau,CBJ,L,16,1,1,2,-5,13,0,0,0,0,25,4.0,12:09,15.8,45.4
468,Jacob Trouba,WPG,D,8,1,1,2,-3,2,0,0,0,0,15,6.7,21:15,24.4,0.0
469,Drayson Bowman,CAR,L,17,1,1,2,+1,2,0,0,0,0,16,6.3,9:55,14.1,50.0
470,J.T. Miller,NYR,C,12,1,1,2,-3,8,0,0,0,0,15,6.7,12:01,16.9,50.0
471,Viktor Stalberg,NSH,L,11,1,1,2,-2,2,0,0,0,0,19,5.3,12:45,18.0,0.0
472,Lance Bouma,CGY,L,15,1,1,2,-1,13,0,0,0,0,13,7.7,9:07,15.5,0.0
473,Cal Clutterbuck,NYI,R,12,1,1,2,-2,10,0,0,0,0,23,4.3,11:16,16.4,40.0
474,Daniel Carcillo,LAK,L,13,1,1,2,-2,27,0,0,1,0,14,7.1,9:57,13.8,100.0
475,Matt Dumba,MIN,D,10,1,1,2,-3,2,1,0,0,0,9,11.1,12:33,17.0,0.0
476,Sheldon Brookbank,CHI,D,10,1,1,2,+2,17,0,0,1,0,10,10.0,11:58,15.7,0.0
477,Elias Lindholm,CAR,C,10,1,1,2,-4,0,0,0,0,0,7,14.3,11:39,16.3,47.0
478,Charlie Coyle,MIN,C,6,1,1,2,-3,4,1,0,0,0,12,8.3,16:23,20.3,38.9
479,Maxim Lapierre,STL,C,10,1,1,2,+3,22,0,0,0,0,7,14.3,9:46,13.5,52.5
480,Luke Gazdic,EDM,L,17,1,1,2,+2,45,0,0,0,0,8,12.5,5:30,8.8,0.0
481,Marty Havlat,SJS,R,5,1,1,2,+0,0,0,0,0,0,7,14.3,15:15,21.2,0.0
482,Josh Leivo,TOR,L,7,1,1,2,+0,0,0,0,0,0,4,25.0,9:51,14.7,0.0
483,Mark Pysyk,BUF,D,19,0,2,2,-5,4,0,0,0,0,24,0.0,20:54,25.9,0.0
484,Karl Alzner,WSH,D,18,0,2,2,-2,10,0,0,0,0,24,0.0,21:15,25.3,0.0
485,Robyn Regehr,LAK,D,17,0,2,2,+3,10,0,0,0,0,23,0.0,19:36,28.6,0.0
486,Anton Stralman,NYR,D,17,0,2,2,+1,8,0,0,0,0,25,0.0,19:16,25.4,0.0
487,Sergei Gonchar,DAL,D,17,0,2,2,-7,6,0,0,0,0,18,0.0,18:40,22.4,0.0
488,Francis Bouillon,MTL,D,18,0,2,2,-8,13,0,0,0,0,11,0.0,17:24,22.9,0.0
489,Nate Guenin,COL,D,16,0,2,2,+6,8,0,0,0,0,15,0.0,17:14,24.4,0.0
490,Barret Jackman,STL,D,14,0,2,2,+3,20,0,0,0,0,14,0.0,17:39,24.1,0.0
491,Jordan Leopold,STL,D,13,0,2,2,+1,4,0,0,0,0,20,0.0,15:44,21.4,0.0
492,Bryce Salvador,NJD,D,9,0,2,2,-1,9,0,0,0,0,7,0.0,21:46,25.9,0.0
493,Andrej Sustr,TBL,D,12,0,2,2,+1,4,0,0,0,0,12,0.0,15:37,19.3,0.0
494,Mark Stuart,WPG,D,12,0,2,2,+2,8,0,0,0,0,7,0.0,15:31,20.2,0.0
495,Shane O'Brien,CGY,D,17,0,2,2,-2,27,0,0,0,0,6,0.0,10:16,15.9,0.0
496,Tuomo Ruutu,CAR,R,12,0,2,2,-7,14,0,0,0,0,14,0.0,13:48,19.0,42.8
497,Ryan Carter,NJD,C,14,0,2,2,-5,12,0,0,0,0,15,0.0,11:37,17.0,31.2
498,Matt Carkner,NYI,D,12,0,2,2,-4,30,0,0,0,0,18,0.0,13:08,19.3,0.0
499,Travis Moen,MTL,L,13,0,2,2,-1,14,0,0,0,0,14,0.0,11:22,17.4,0.0
500,B.J. Crombeen,TBL,R,15,0,2,2,+0,14,0,0,0,0,9,0.0,9:46,14.4,0.0
501,Alexandre Burrows,VAN,L,8,0,2,2,-4,7,0,0,0,0,26,0.0,18:10,25.0,54.2
502,Rostislav Olesz,NJD,L,10,0,2,2,-1,0,0,0,0,0,9,0.0,11:25,17.0,33.3
503,Nate Prosser,MIN,D,7,0,2,2,+1,19,0,0,0,0,6,0.0,15:39,21.7,0.0
504,Radek Martinek,NYI,D,7,0,2,2,+2,2,0,0,0,0,5,0.0,15:17,19.4,0.0
505,Matt Bartkowski,BOS,D,5,0,2,2,-1,0,0,0,0,0,9,0.0,16:49,20.4,0.0
506,Nikolai Kulemin,TOR,L,5,0,2,2,+1,4,0,0,0,0,2,0.0,16:14,24.8,50.0
507,Beau Bennett,PIT,R,6,0,2,2,+0,0,0,0,0,0,7,0.0,12:50,17.3,100.0
508,Darren Archibald,VAN,R,8,0,2,2,+3,0,0,0,0,0,5,0.0,8:35,13.3,0.0
509,Michael Latta,WSH,C,8,0,2,2,-1,7,0,0,0,0,4,0.0,8:06,13.0,53.3
510,Troy Bodie,TOR,R,9,0,2,2,+0,5,0,0,0,0,7,0.0,6:00,9.2,0.0
511,Jeremy Morin,CHI,L,5,0,2,2,+1,0,0,0,0,0,10,0.0,9:15,14.8,0.0
512,Andy Miele,PHX,C,4,0,2,2,+2,5,0,0,0,0,5,0.0,8:55,12.0,40.0
513,Lane MacDermid,DAL,L,6,0,2,2,+2,5,0,0,0,0,1,0.0,5:48,9.3,50.0
514,Eric Boulton,NYI,L,4,0,2,2,+2,10,0,0,0,0,4,0.0,6:35,10.8,0.0
515,Ryan Spooner,BOS,C,2,0,2,2,+0,2,0,0,0,0,4,0.0,11:50,17.0,50.0
516,Chad Billins,CGY,D,2,0,2,2,-1,0,0,0,0,0,0,0.0,10:37,16.0,0.0
517,Andrew Ference,EDM,D,19,1,0,1,-8,12,0,0,0,0,19,5.3,20:32,26.3,100.0
518,Rasmus Ristolainen,BUF,D,16,1,0,1,-5,4,0,0,0,0,23,4.3,17:10,21.4,0.0
519,Roman Polak,STL,D,15,1,0,1,+1,11,0,0,0,0,12,8.3,17:17,23.0,0.0
520,Luke Schenn,PHI,D,13,1,0,1,-7,16,0,0,0,0,15,6.7,15:29,22.0,0.0
521,Alexander Urbom,WSH,D,12,1,0,1,+2,17,0,0,0,0,12,8.3,15:18,19.6,0.0
522,Matt Hendricks,NSH,C,14,1,0,1,-2,24,0,0,0,0,16,6.3,12:43,17.9,50.0
523,Derek MacKenzie,CBJ,C,15,1,0,1,-3,7,0,0,0,0,13,7.7,11:17,16.4,56.1
524,Kyle Clifford,LAK,L,16,1,0,1,+2,32,0,0,0,0,19,5.3,9:44,14.3,50.0
525,Zenon Konopka,MIN,C,18,1,0,1,-2,32,0,0,0,0,5,20.0,8:35,15.0,65.7
526,Rostislav Klesla,PHX,D,10,1,0,1,+1,8,0,0,0,0,5,20.0,14:59,22.1,0.0
527,Colin McDonald,NYI,R,12,1,0,1,-9,6,0,0,0,0,13,7.7,11:41,14.8,66.7
528,Shawn Thornton,BOS,L,17,1,0,1,+2,24,0,0,0,0,23,4.3,8:04,11.6,0.0
529,Ryan Garbutt,DAL,L,12,1,0,1,-2,19,0,0,0,0,20,5.0,10:27,15.6,0.0
530,Nikita Zadorov,BUF,D,7,1,0,1,-4,4,0,0,0,0,4,25.0,17:10,20.3,0.0
531,Tom Sestito,VAN,L,20,1,0,1,-3,43,0,0,0,0,7,14.3,5:47,9.1,25.0
532,Jordan Caron,BOS,R,9,1,0,1,-2,7,0,0,0,0,10,10.0,12:17,16.4,50.0
533,Mike Brown,"EDM, SJS",R,14,1,0,1,+0,33,0,0,0,0,7,14.3,6:37,10.1,100.0
534,Mattias Tedenby,NJD,R,8,1,0,1,-2,10,0,0,0,0,5,20.0,10:49,15.3,0.0
535,Joakim Nordstrom,CHI,C,8,1,0,1,+1,2,0,0,0,0,10,10.0,10:42,15.5,50.0
536,Jean-Gabriel Pageau,OTT,C,8,1,0,1,-3,2,0,0,0,0,9,11.1,10:08,14.9,30.9
537,Aaron Volpatti,WSH,L,11,1,0,1,+0,26,0,0,0,0,5,20.0,7:04,10.4,33.3
538,Brett Connolly,TBL,R,6,1,0,1,-3,2,0,0,1,0,6,16.7,11:48,17.0,33.3
539,Manny Malhotra,CAR,C,5,1,0,1,+3,4,0,0,1,1,3,33.3,13:12,21.8,64.0
540,Jeff Halpern,PHX,C,7,1,0,1,-2,4,0,0,0,0,5,20.0,9:24,14.6,62.7
541,Anthony Peluso,WPG,R,9,1,0,1,-2,2,0,0,0,0,9,11.1,7:12,9.6,0.0
542,Jesse Joensuu,EDM,L,6,1,0,1,-5,6,1,0,0,0,9,11.1,10:08,16.3,0.0
543,Mikael Samuelsson,DET,R,6,1,0,1,-1,2,0,0,0,0,6,16.7,10:03,13.8,0.0
544,Mark Borowiecki,OTT,D,4,1,0,1,+2,7,0,0,0,0,4,25.0,14:07,19.8,0.0
545,Tim Jackman,CGY,R,9,1,0,1,-1,41,0,0,0,0,8,12.5,5:59,10.1,0.0
546,Jordan Szwarz,PHX,R,6,1,0,1,+0,10,0,0,0,0,8,12.5,8:19,11.7,0.0
547,Darren Helm,DET,C,4,1,0,1,-2,0,0,0,1,0,4,25.0,12:28,20.0,50.0
548,Trevor Smith,TOR,C,9,1,0,1,-1,0,0,0,1,0,4,25.0,5:11,8.3,42.8
549,Connor Carrick,WSH,D,3,1,0,1,-2,6,0,0,0,0,5,20.0,13:37,17.7,0.0
550,Nick Holden,COL,D,3,1,0,1,+1,2,0,0,1,0,3,33.3,12:54,17.0,0.0
551,Jay Rosehill,PHI,L,9,1,0,1,-1,28,0,0,0,0,1,100.0,4:10,6.3,0.0
552,Peter Holland,ANA,C,4,1,0,1,-1,2,0,0,0,0,3,33.3,9:05,12.5,38.7
553,Adam Almquist,DET,D,2,1,0,1,-1,0,0,0,0,0,2,50.0,17:13,25.0,0.0
554,Tyler Pitlick,EDM,R,3,1,0,1,+0,0,0,0,0,0,3,33.3,9:59,15.3,33.3
555,Michael Kostka,CHI,D,2,1,0,1,+1,2,0,0,1,0,4,25.0,14:54,20.0,0.0
556,Matt Pelech,SJS,R,5,1,0,1,+1,22,0,0,1,0,2,50.0,4:10,7.6,0.0
557,Willie Mitchell,LAK,D,17,0,1,1,+0,10,0,0,0,0,13,0.0,21:36,28.4,0.0
558,Dan Girardi,NYR,D,17,0,1,1,-5,4,0,0,0,0,13,0.0,21:01,27.6,0.0
559,Mike Weaver,FLA,D,18,0,1,1,-9,9,0,0,0,0,12,0.0,19:17,24.9,0.0
560,Erik Gudbranson,FLA,D,18,0,1,1,-12,51,0,0,0,0,26,0.0,19:07,24.1,0.0
561,Carl Gunnarsson,TOR,D,17,0,1,1,+2,8,0,0,0,0,9,0.0,19:32,27.6,0.0
562,Kimmo Timonen,PHI,D,16,0,1,1,-2,14,0,0,0,0,28,0.0,20:31,27.8,0.0
563,Ben Lovejoy,ANA,D,17,0,1,1,+6,4,0,0,0,0,31,0.0,18:53,25.5,0.0
564,Tomas Kopecky,FLA,R,18,0,1,1,-3,6,0,0,0,0,43,0.0,15:54,21.6,16.7
565,Nick Schultz,EDM,D,17,0,1,1,+0,8,0,0,0,0,9,0.0,16:27,22.3,0.0
566,Jay McClement,TOR,C,16,0,1,1,+1,8,0,0,0,0,10,0.0,16:53,22.3,53.8
567,David Desharnais,MTL,C,17,0,1,1,-2,6,0,0,0,0,17,0.0,15:03,19.6,51.4
568,Adam Larsson,NJD,D,14,0,1,1,-3,2,0,0,0,0,14,0.0,17:56,23.9,0.0
569,Casey Cizikas,NYI,C,18,0,1,1,-6,2,0,0,0,0,11,0.0,13:32,19.0,50.8
570,Patrick Dwyer,CAR,R,15,0,1,1,-4,4,0,0,0,0,32,0.0,15:25,21.9,37.5
571,Brett Bellemore,CAR,D,13,0,1,1,-6,9,0,0,0,0,15,0.0,17:27,24.2,0.0
572,Dalton Prout,CBJ,D,12,0,1,1,-5,12,0,0,0,0,12,0.0,18:50,21.1,0.0
573,Peter Harrold,NJD,D,12,0,1,1,-4,4,0,0,0,0,15,0.0,18:15,25.0,0.0
574,Brian Lashoff,DET,D,14,0,1,1,+0,10,0,0,0,0,8,0.0,15:38,23.6,0.0
575,Taylor Pyatt,NYR,L,16,0,1,1,-8,10,0,0,0,0,20,0.0,13:32,19.3,40.0
576,Rob Scuderi,PIT,D,11,0,1,1,+5,0,0,0,0,0,10,0.0,19:12,23.8,0.0
577,Johan Larsson,BUF,L,17,0,1,1,-2,13,0,0,0,0,12,0.0,12:04,15.3,46.8
578,Brendan Smith,DET,D,11,0,1,1,-7,19,0,0,0,0,11,0.0,18:13,26.1,0.0
579,Gregory Campbell,BOS,C,17,0,1,1,+0,14,0,0,0,0,11,0.0,11:33,15.7,41.8
580,Stephen Gionta,NJD,R,16,0,1,1,-5,4,0,0,0,0,19,0.0,11:29,17.6,42.2
581,Nikita Nikitin,CBJ,D,10,0,1,1,-2,0,0,0,0,0,14,0.0,17:56,21.3,0.0
582,Andrej Meszaros,PHI,D,9,0,1,1,-3,18,0,0,0,0,11,0.0,17:57,25.4,0.0
583,Roman Josi,NSH,D,7,0,1,1,-7,2,0,0,0,0,13,0.0,20:51,28.1,0.0
584,Brian Strait,NYI,D,9,0,1,1,-2,2,0,0,0,0,9,0.0,15:56,21.9,0.0
585,Michael Raffl,PHI,L,11,0,1,1,-2,8,0,0,0,0,18,0.0,12:45,17.7,100.0
586,Dominic Moore,NYR,C,11,0,1,1,-5,6,0,0,0,0,11,0.0,11:52,18.3,51.4
587,Adam Pardy,WPG,D,9,0,1,1,+1,7,0,0,0,0,11,0.0,13:13,16.8,0.0
588,John Erskine,WSH,D,7,0,1,1,-4,12,0,0,0,0,9,0.0,16:54,20.7,0.0
589,David Clarkson,TOR,R,7,0,1,1,-2,23,0,0,0,0,15,0.0,16:48,22.4,0.0
590,Sam Gagner,EDM,C,6,0,1,1,-9,4,0,0,0,0,12,0.0,18:43,25.0,42.2
591,Zac Rinaldo,PHI,C,16,0,1,1,-2,36,0,0,0,0,9,0.0,6:56,9.6,0.0
592,Alec Martinez,LAK,D,7,0,1,1,+3,2,0,0,0,0,9,0.0,15:52,21.4,0.0
593,Dustin Jeffrey,PIT,C,10,0,1,1,-2,2,0,0,0,0,9,0.0,10:49,14.9,61.5
594,Ben Street,CGY,C,8,0,1,1,-2,2,0,0,0,0,13,0.0,12:46,21.1,43.0
595,Derek Grant,OTT,C,10,0,1,1,-1,2,0,0,0,0,10,0.0,9:59,16.2,56.7
596,Ryane Clowe,NJD,L,6,0,1,1,-5,5,0,0,0,0,4,0.0,15:36,18.3,0.0
597,Carter Ashton,TOR,R,11,0,1,1,+2,12,0,0,0,0,8,0.0,8:23,11.3,0.0
598,Jim Slater,WPG,C,8,0,1,1,-2,0,0,0,0,0,8,0.0,10:56,17.0,50.5
599,Ville Leino,BUF,L,7,0,1,1,-2,2,0,0,0,0,1,0.0,12:21,14.7,0.0
600,Mark Barberio,TBL,D,6,0,1,1,+2,6,0,0,0,0,4,0.0,13:22,19.5,0.0
601,Brian McGrattan,CGY,R,15,0,1,1,-1,14,0,0,0,0,15,0.0,5:02,8.6,0.0
602,Luca Sbisa,ANA,D,4,0,1,1,+0,14,0,0,0,0,4,0.0,18:27,25.3,0.0
603,Tyson Barrie,COL,D,5,0,1,1,+2,2,0,0,0,0,7,0.0,13:59,19.0,0.0
604,Colin Fraser,LAK,C,9,0,1,1,-1,12,0,0,0,0,7,0.0,7:29,11.3,57.1
605,Sean Bergenheim,FLA,L,6,0,1,1,-4,2,0,0,0,0,8,0.0,10:12,15.3,0.0
606,Nathan Beaulieu,MTL,D,5,0,1,1,+2,0,0,0,0,0,1,0.0,10:45,15.2,0.0
607,Rickard Rakell,ANA,C,4,0,1,1,+1,0,0,0,0,0,7,0.0,12:44,16.8,50.0
608,Ben Eager,EDM,L,7,0,1,1,+1,2,0,0,0,0,4,0.0,7:13,11.7,50.0
609,Keaton Ellerby,WPG,D,4,0,1,1,+4,0,0,0,0,0,1,0.0,12:24,15.8,0.0
610,Corey Tropp,BUF,R,4,0,1,1,-6,0,0,0,0,0,7,0.0,12:18,17.0,0.0
611,Derek Smith,CGY,D,5,0,1,1,-3,0,0,0,0,0,4,0.0,9:11,14.2,0.0
612,Mark Fistric,ANA,D,3,0,1,1,+0,6,0,0,0,0,0,0.0,15:02,23.7,0.0
613,David Broll,TOR,L,5,0,1,1,+1,5,0,0,0,0,3,0.0,8:11,13.4,0.0
614,Cory Emmerton,DET,C,4,0,1,1,+0,2,0,0,0,0,7,0.0,9:22,14.0,51.8
615,Linden Vey,LAK,R,2,0,1,1,+1,0,0,0,0,0,0,0.0,12:43,13.5,38.5
616,James Neal,PIT,L,2,0,1,1,-1,0,0,0,0,0,4,0.0,10:25,12.0,0.0
617,Kris Newbury,PHI,C,4,0,1,1,+0,7,0,0,0,0,1,0.0,5:01,7.8,42.8
618,Kevin Klein,NSH,D,17,0,0,0,-8,2,0,0,0,0,22,0.0,20:27,27.4,0.0
619,Trevor Lewis,LAK,C,17,0,0,0,-2,2,0,0,0,0,22,0.0,14:26,21.1,48.8
620,James Wright,WPG,C,19,0,0,0,+0,2,0,0,0,0,15,0.0,11:39,16.5,45.4
621,Mike Weber,BUF,D,11,0,0,0,-12,21,0,0,0,0,7,0.0,16:12,20.4,0.0
622,Robert Bortuzzo,PIT,D,13,0,0,0,-2,14,0,0,0,0,15,0.0,13:29,19.3,0.0
623,Victor Bartley,NSH,D,12,0,0,0,-1,10,0,0,0,0,7,0.0,13:40,19.0,0.0
624,Ryan White,MTL,C,16,0,0,0,-3,23,0,0,0,0,18,0.0,9:39,15.4,52.9
625,Mark Fayne,NJD,D,8,0,0,0,-3,2,0,0,0,0,7,0.0,17:46,24.0,0.0
626,Adam Hall,PHI,R,14,0,0,0,-1,4,0,0,0,0,16,0.0,8:53,13.6,50.8
627,Kevin Porter,BUF,C,9,0,0,0,-6,2,0,0,0,0,3,0.0,12:22,16.1,34.6
628,John McCarthy,SJS,C,9,0,0,0,-2,0,0,0,0,0,11,0.0,12:04,18.0,60.0
629,Jared Boll,CBJ,R,14,0,0,0,-5,28,0,0,0,0,6,0.0,7:28,10.2,0.0
630,Paul Postma,WPG,D,8,0,0,0,+0,6,0,0,0,0,4,0.0,13:01,16.8,0.0
631,David Rundblad,PHX,D,6,0,0,0,-4,4,0,0,0,0,4,0.0,16:38,19.3,0.0
632,Colton Orr,TOR,R,15,0,0,0,-2,51,0,0,0,0,6,0.0,6:36,10.3,100.0
633,Ryan Whitney,FLA,D,6,0,0,0,-7,4,0,0,0,0,8,0.0,16:06,21.0,0.0
634,Douglas Murray,MTL,D,7,0,0,0,-3,4,0,0,0,0,2,0.0,13:15,18.7,0.0
635,Jeremy Welsh,VAN,C,11,0,0,0,+0,6,0,0,0,0,9,0.0,7:45,12.1,52.3
636,Jesper Fast,NYR,R,8,0,0,0,-5,2,0,0,0,0,6,0.0,10:29,15.5,0.0
637,Brett Sutter,CAR,C,12,0,0,0,-5,9,0,0,0,0,11,0.0,6:56,10.9,46.8
638,Rich Clune,NSH,L,9,0,0,0,-5,40,0,0,0,0,3,0.0,8:34,13.3,0.0
639,Jarred Tinordi,MTL,D,6,0,0,0,+0,9,0,0,0,0,1,0.0,12:27,17.2,0.0
640,Pierre-Cedric Labrie,TBL,L,10,0,0,0,-3,11,0,0,0,0,2,0.0,7:26,11.2,100.0
641,Stephane Veilleux,MIN,L,10,0,0,0,-4,6,0,0,0,0,7,0.0,7:10,12.9,0.0
642,Luke Glendening,DET,C,7,0,0,0,-3,2,0,0,0,0,8,0.0,9:22,15.0,50.0
643,Louis Leblanc,MTL,C,5,0,0,0,+2,2,0,0,0,0,5,0.0,11:45,16.2,50.0
644,Jordin Tootoo,DET,R,8,0,0,0,-4,5,0,0,0,0,7,0.0,7:13,10.3,0.0
645,Mark Fraser,TOR,D,4,0,0,0,+1,16,0,0,0,0,2,0.0,14:14,19.0,0.0
646,Yannick Weber,VAN,D,10,0,0,0,-2,0,0,0,0,0,4,0.0,5:37,9.2,0.0
647,Jacob Josefson,NJD,C,5,0,0,0,+0,0,0,0,0,0,4,0.0,11:14,17.2,46.8
648,Chris Thorburn,WPG,R,9,0,0,0,+1,10,0,0,0,0,1,0.0,6:12,9.1,100.0
649,Krys Barch,FLA,R,8,0,0,0,-3,22,0,0,0,0,1,0.0,6:37,9.4,0.0
650,Zac Dalpe,VAN,C,10,0,0,0,-2,0,0,0,0,0,6,0.0,5:15,9.4,40.0
651,Michael Chaput,CBJ,C,6,0,0,0,-2,0,0,0,0,0,2,0.0,8:13,12.0,37.0
652,Freddie Hamilton,SJS,C,4,0,0,0,-1,0,0,0,0,0,5,0.0,11:53,19.5,23.1
653,Aaron Ness,NYI,D,3,0,0,0,-2,0,0,0,0,0,2,0.0,15:32,22.3,0.0
654,Matt Calvert,CBJ,L,3,0,0,0,+1,0,0,0,0,0,4,0.0,15:25,18.3,0.0
655,Stephane Da Costa,OTT,C,4,0,0,0,+1,2,0,0,0,0,8,0.0,11:27,16.5,33.3
656,Ian Cole,STL,D,3,0,0,0,+2,2,0,0,0,0,3,0.0,14:56,22.0,0.0
657,Tim Gleason,CAR,D,3,0,0,0,+0,2,0,0,0,0,4,0.0,14:25,20.0,0.0
658,Mike Komisarek,CAR,D,3,0,0,0,-1,0,0,0,0,0,0,0.0,14:16,19.3,0.0
659,Patrick Kaleta,BUF,R,5,0,0,0,-1,5,0,0,0,0,0,0.0,8:20,12.0,100.0
660,Adam Cracknell,STL,R,5,0,0,0,+0,0,0,0,0,0,5,0.0,8:10,11.8,20.0
661,Jay Beagle,WSH,C,5,0,0,0,-1,0,0,0,0,0,3,0.0,8:08,12.2,68.8
662,Hal Gill,PHI,D,3,0,0,0,-1,2,0,0,0,0,0,0.0,12:43,18.7,0.0
663,Patrick Holland,MTL,R,5,0,0,0,+0,0,0,0,0,0,2,0.0,7:37,11.6,50.0
664,Mike Blunden,MTL,R,6,0,0,0,-2,5,0,0,0,0,1,0.0,6:11,9.2,0.0
665,Denis Grebeshkov,EDM,D,3,0,0,0,+1,2,0,0,0,0,2,0.0,11:36,14.7,0.0
666,John Scott,BUF,L,7,0,0,0,-3,19,0,0,0,0,1,0.0,4:57,6.6,0.0
667,Lucas Lessio,PHX,L,3,0,0,0,-2,2,0,0,0,0,4,0.0,11:31,15.7,0.0
668,Matt Kassian,OTT,L,9,0,0,0,+0,12,0,0,0,0,4,0.0,3:45,6.4,0.0
669,Xavier Ouellet,DET,D,2,0,0,0,+0,0,0,0,0,0,1,0.0,16:39,22.0,0.0
670,Matt D'Agostini,PIT,R,3,0,0,0,-2,4,0,0,0,0,7,0.0,10:48,16.0,0.0
671,Magnus Paajarvi,STL,L,4,0,0,0,-1,0,0,0,0,0,1,0.0,7:58,12.5,0.0
672,Brad Mills,CHI,C,3,0,0,0,-1,0,0,0,0,0,2,0.0,10:19,16.0,57.1
673,Arron Asham,NYR,R,3,0,0,0,-3,14,0,0,0,0,1,0.0,10:09,14.7,0.0
674,Jordan Schroeder,VAN,C,3,0,0,0,+0,2,0,0,0,0,4,0.0,9:49,15.3,50.0
675,Justin Falk,NYR,D,3,0,0,0,-1,11,0,0,0,0,2,0.0,9:42,16.0,0.0
676,Keith Aulie,TBL,D,3,0,0,0,-3,0,0,0,0,0,1,0.0,9:26,13.3,0.0
677,Patrick Eaves,DET,R,3,0,0,0,-2,0,0,0,0,0,4,0.0,9:14,14.3,0.0
678,Frazer McLaren,TOR,L,7,0,0,0,+0,21,0,0,0,0,2,0.0,3:55,7.6,0.0
679,Harry Zolnierczyk,PIT,L,3,0,0,0,+0,0,0,0,0,0,2,0.0,8:56,11.7,100.0
680,Chris Terry,CAR,L,2,0,0,0,-1,0,0,0,0,0,4,0.0,12:42,16.0,0.0
681,Brandon Mashinter,NYR,L,5,0,0,0,+0,10,0,0,0,0,2,0.0,4:55,7.6,0.0
682,Kevin Westgarth,CAR,R,6,0,0,0,-1,2,0,0,0,0,2,0.0,4:05,6.2,0.0
683,Jimmy Hayes,CHI,R,2,0,0,0,+1,0,0,0,0,0,1,0.0,11:50,13.5,0.0
684,Sean Collins,CBJ,C,3,0,0,0,+0,0,0,0,0,0,5,0.0,7:48,13.0,0.0
685,Max Reinhart,CGY,C,2,0,0,0,+1,2,0,0,0,0,1,0.0,11:04,17.0,0.0
686,Chris Conner,PIT,R,2,0,0,0,-1,0,0,0,0,0,2,0.0,10:34,13.5,0.0
687,George Parros,MTL,R,5,0,0,0,-5,32,0,0,0,0,0,0.0,4:12,6.8,0.0
688,Matt Beleskey,ANA,L,2,0,0,0,-1,9,0,0,0,0,5,0.0,10:16,13.5,0.0
689,Ryan Hamilton,EDM,L,2,0,0,0,-2,0,0,0,0,0,0,0.0,10:01,15.0,0.0
690,Ryan Craig,CBJ,C,3,0,0,0,-2,0,0,0,0,0,3,0.0,6:34,8.7,0.0
691,Jack Hillen,WSH,D,2,0,0,0,-2,0,0,0,0,0,2,0.0,9:46,11.0,0.0
692,Alexander Sulzer,BUF,D,1,0,0,0,+0,0,0,0,0,0,0,0.0,19:20,25.0,0.0
693,Chris Brown,PHX,C,3,0,0,0,+0,17,0,0,0,0,2,0.0,6:26,9.3,0.0
694,Christopher Breen,CGY,D,2,0,0,0,-1,5,0,0,0,0,1,0.0,9:34,18.0,0.0
695,Drew Shore,FLA,C,2,0,0,0,+1,2,0,0,0,0,1,0.0,9:32,14.5,0.0
696,Jerred Smithson,TOR,C,2,0,0,0,+0,0,0,0,0,0,0,0.0,9:17,19.0,63.0
697,Patrice Cormier,WPG,C,3,0,0,0,+0,7,0,0,0,0,0,0.0,5:52,7.7,63.6
698,Kevin Connauton,DAL,D,1,0,0,0,+2,2,0,0,0,0,0,0.0,16:05,20.0,0.0
699,Chris Porter,STL,L,2,0,0,0,+0,0,0,0,0,0,1,0.0,7:44,12.5,0.0
700,Anton Lander,EDM,C,1,0,0,0,+0,0,0,0,0,0,0,0.0,14:07,30.0,25.0
701,Brandon Yip,PHX,R,2,0,0,0,+0,0,0,0,0,0,1,0.0,6:52,10.0,0.0
702,Tom Pyatt,TBL,C,1,0,0,0,+0,0,0,0,0,0,1,0.0,13:15,17.0,100.0
703,Jason Zucker,MIN,L,1,0,0,0,+0,0,0,0,0,0,1,0.0,13:13,19.0,0.0
704,Andrew Alberts,VAN,D,3,0,0,0,-1,0,0,0,0,0,1,0.0,4:16,6.3,0.0
705,Taylor Beck,NSH,L,1,0,0,0,-1,2,0,0,0,0,2,0.0,12:29,20.0,0.0
706,Jamie Devane,TOR,L,2,0,0,0,-1,0,0,0,0,0,1,0.0,5:51,9.5,0.0
707,Ben Chiarot,WPG,D,1,0,0,0,-3,0,0,0,0,0,0,0.0,10:47,15.0,0.0
708,Bracken Kearns,SJS,L,1,0,0,0,+0,0,0,0,0,0,0,0.0,10:10,15.0,0.0
709,Martin St Pierre,MTL,C,1,0,0,0,+0,0,0,0,0,0,0,0.0,9:53,13.0,66.7
710,Joey Crabb,FLA,R,1,0,0,0,+0,0,0,0,0,0,1,0.0,9:49,15.0,0.0
711,Linus Omark,EDM,L,1,0,0,0,-1,0,0,0,0,0,0,0.0,9:04,12.0,0.0
712,Pascal Pelletier,VAN,L,1,0,0,0,+0,0,0,0,0,0,0,0.0,8:34,12.0,33.3
713,Darroll Powe,NYR,C,1,0,0,0,-2,0,0,0,0,0,0,0.0,8:33,14.0,100.0
714,Carson McMillan,MIN,R,1,0,0,0,+0,0,0,0,0,0,0,0.0,8:06,13.0,0.0
715,Gabriel Dumont,MTL,C,1,0,0,0,+0,0,0,0,0,0,1,0.0,7:43,12.0,50.0
716,Jack Skille,CBJ,R,1,0,0,0,+0,0,0,0,0,0,1,0.0,7:33,10.0,0.0
717,Chris Mueller,DAL,C,1,0,0,0,+0,0,0,0,0,0,1,0.0,6:59,11.0,83.3
718,Spencer Abbott,TOR,L,1,0,0,0,-2,0,0,0,0,0,2,0.0,5:16,10.0,0.0
719,Roman Horak,CGY,L,1,0,0,0,+0,0,0,0,0,0,0,0.0,4:04,6.0,0.0
720,Jon Merrill,NJD,D,1,0,0,0,+0,0,0,0,0,0,0,0.0,1:16,3.0,0.0
